{"seed": 2, "run_name": "tbl1_signsgd_scaled__signsgd_linear-classifier_mushrooms__config_name-basic__batch_size-256__n_epoches_train-200__dtype-float32__scale__no_bias__n_epoches_tune-5__tune_runs-30__save_curves", "train_loss": [0.720336780038039, 0.6984384053782161, 0.6759865815730943, 0.6546846471901506, 0.631297279841173, 0.6104960188187603, 0.5896336038087664, 0.5709108334855518, 0.5537823404340864, 0.5399079610146267, 0.5232668511590913, 0.5113756617959762, 0.5004232721977194, 0.4906296700323121, 0.48010624271537283, 0.4706283320274027, 0.46480276883097915, 0.45394504056167867, 0.44668852279742316, 0.43812710522425585, 0.43310213383062424, 0.4248669953620109, 0.41915973293133524, 0.41604132437310287, 0.4091336592403031, 0.40758746947929997, 0.401858917407425, 0.39679194348253133, 0.39091070988476867, 0.38794775983305074, 0.3846184952621825, 0.3809304948557774, 0.3802940901003042, 0.37759266668102165, 0.37495153250608665, 0.37130796806034533, 0.3708463684597044, 0.3675979723825507, 0.36669308720836574, 0.3645177538693431, 0.3633730580152669, 0.361520158012744, 0.361062987220334, 0.3587671003316826, 0.3566686392508777, 0.35658609323064655, 0.354331805155994, 0.3528804468183813, 0.35116558125576863, 0.3506747554232131, 0.3490698306587508, 0.3477538254781475, 0.3473358361825337, 0.34637937142809905, 0.34512734367138176, 0.3438127527365364, 0.34247216809343983, 0.3426455651726258, 0.34222142411926876, 0.33991059361670817, 0.3402503780148059, 0.33863881928272294, 0.3383911723418329, 0.3371712125060128, 0.3362240058857524, 0.33620765240699096, 0.3348159552654698, 0.3349963971456458, 0.3345938760585867, 0.3335229620311316, 0.3326916850770405, 0.332381447978856, 0.33140423457223384, 0.33148344271763647, 0.3311248237897359, 0.3299886063384897, 0.3297961663661388, 0.3298341908586866, 0.3285901054831083, 0.32861232720128725, 0.3279031592419385, 0.32741359409639637, 0.3277696691644377, 0.32686193711613615, 0.3263473508354831, 0.3265400270679537, 0.32568610728397324, 0.3255641729241954, 0.3250206692543091, 0.3249122219284326, 0.3255369202782289, 0.3242647306532405, 0.32399445729676435, 0.32391989049497577, 0.3233527902904985, 0.32340922398030103, 0.32292602471859977, 0.3229699221221016, 0.3230462177240668, 0.3223678341748585, 0.32253695719748293, 0.3225532840956479, 0.3218169532024298, 0.32157552679033474, 0.321445784856777, 0.32167549006284263, 0.32093157823789215, 0.3207144501455203, 0.3208459351449717, 0.32059591651107394, 0.3202449222043033, 0.32016850717163853, 0.3198722783147118, 0.3197531662686541, 0.31975998191201105, 0.31968093356791333, 0.3193220184519826, 0.3197113766427371, 0.3191888005377541, 0.3189233697268034, 0.318875328388103, 0.31865048178185024, 0.3186941763351234, 0.31846256680562646, 0.31831586127231654, 0.31822771647498604, 0.31817209329124196, 0.3188263616677502, 0.3180014814166583, 0.3178873838944945, 0.3177175274501696, 0.31759797469706136, 0.3177584958252884, 0.31795545740300674, 0.3173252860080073, 0.3173297736152407, 0.3171764782891411, 0.31713644274116853, 0.31712838107267294, 0.31703957673479705, 0.3175106648036158, 0.3168230036132205, 0.31674026525484855, 0.3166527780456305, 0.3166775447705569, 0.3169311482220137, 0.31657774106801606, 0.3165974120351246, 0.31636726677522303, 0.3163407924618069, 0.3163275535568245, 0.3161624891901712, 0.31632502576754895, 0.31610020190710364, 0.31599161894434713, 0.3160436427113134, 0.31590122877873755, 0.31584590507690863, 0.31581805598044027, 0.31588646030397677, 0.31570310560036124, 0.3157372856616719, 0.3156262963272722, 0.3162529510310676, 0.31575689857433537, 0.31568034836977504, 0.3154355542181153, 0.31541570767660865, 0.31556407250302, 0.3153636672148843, 0.3153088075931177, 0.3152381010597971, 0.3152201725184127, 0.3151392026729036, 0.3151805625587983, 0.3152733285390322, 0.31497954689017166, 0.31507243529359297, 0.31494478240427176, 0.3148822891877024, 0.315069696130853, 0.31476920477708026, 0.314715794206336, 0.3147771107161542, 0.314596818939776, 0.31456529371797864, 0.31453453628272426, 0.31472715901814796, 0.31446823574922483, 0.3144297115130672, 0.31438334325233447, 0.3145416709862919, 0.31445730531579946, 0.3142975798592447, 0.3142766443776856, 0.3143182858484706, 0.314238168415414, 0.31420107243432566, 0.3141938015320054, 0.3142026340853539], "val_accuracy": [0.5698461538461539, 0.5993846153846154, 0.6541538461538462, 0.6793846153846154, 0.6953846153846154, 0.7187692307692307, 0.7433846153846154, 0.7938461538461539, 0.8344615384615385, 0.8553846153846154, 0.8713846153846154, 0.8738461538461538, 0.8836923076923077, 0.8867692307692308, 0.8941538461538462, 0.9003076923076923, 0.9021538461538462, 0.9033846153846153, 0.9052307692307693, 0.9101538461538462, 0.908923076923077, 0.9144615384615384, 0.9187692307692308, 0.9267692307692308, 0.9273846153846154, 0.9298461538461539, 0.9323076923076923, 0.9353846153846154, 0.9353846153846154, 0.9403076923076923, 0.9427692307692308, 0.9433846153846154, 0.9452307692307692, 0.9464615384615385, 0.9476923076923077, 0.9501538461538461, 0.9507692307692308, 0.9513846153846154, 0.952, 0.952, 0.9532307692307692, 0.9556923076923077, 0.9587692307692308, 0.9624615384615385, 0.9655384615384616, 0.9655384615384616, 0.9667692307692307, 0.9661538461538461, 0.9667692307692307, 0.9667692307692307, 0.9698461538461538, 0.9710769230769231, 0.9729230769230769, 0.9741538461538461, 0.976, 0.9766153846153847, 0.9778461538461538, 0.9790769230769231, 0.9796923076923076, 0.9809230769230769, 0.9815384615384616, 0.9821538461538462, 0.9821538461538462, 0.9827692307692307, 0.9827692307692307, 0.984, 0.9833846153846154, 0.9833846153846154, 0.9833846153846154, 0.9833846153846154, 0.9846153846153847, 0.984, 0.9846153846153847, 0.9846153846153847, 0.9852307692307692, 0.9852307692307692, 0.9858461538461538, 0.9870769230769231, 0.9870769230769231, 0.9876923076923076, 0.9876923076923076, 0.9876923076923076, 0.9883076923076923, 0.9883076923076923, 0.9889230769230769, 0.9889230769230769, 0.9889230769230769, 0.9895384615384616, 0.9901538461538462, 0.9901538461538462, 0.9901538461538462, 0.992, 0.992, 0.992, 0.992, 0.9926153846153846, 0.9926153846153846, 0.9926153846153846, 0.9926153846153846, 0.9926153846153846, 0.9932307692307693, 0.9932307692307693, 0.9938461538461538, 0.9938461538461538, 0.9944615384615385, 0.9950769230769231, 0.9950769230769231, 0.9950769230769231, 0.9950769230769231, 0.9950769230769231, 0.9950769230769231, 0.9950769230769231, 0.9950769230769231, 0.9956923076923077, 0.9950769230769231, 0.9956923076923077, 0.9963076923076923, 0.9956923076923077, 0.9963076923076923, 0.9963076923076923, 0.9963076923076923, 0.9963076923076923, 0.9963076923076923, 0.9963076923076923, 0.9963076923076923, 0.9963076923076923, 0.9969230769230769, 0.9969230769230769, 0.9969230769230769, 0.9969230769230769, 0.9969230769230769, 0.9969230769230769, 0.9969230769230769, 0.9981538461538462, 0.9969230769230769, 0.9969230769230769, 0.9975384615384615, 0.9981538461538462, 0.9981538461538462, 0.9981538461538462, 0.9981538461538462, 0.9981538461538462, 0.9981538461538462, 0.9981538461538462, 0.9981538461538462, 0.9981538461538462, 0.9987692307692307, 0.9981538461538462, 0.9987692307692307, 0.9981538461538462, 0.9987692307692307, 0.9981538461538462, 0.9981538461538462, 0.9981538461538462, 0.9987692307692307, 0.9981538461538462, 0.9981538461538462, 0.9987692307692307, 0.9987692307692307, 0.9987692307692307, 0.9987692307692307, 0.9987692307692307, 0.9987692307692307, 0.9987692307692307, 0.9981538461538462, 0.9987692307692307, 0.9987692307692307, 0.9987692307692307, 0.9987692307692307, 0.9987692307692307, 0.9987692307692307, 0.9987692307692307, 0.9987692307692307, 0.9987692307692307, 0.9993846153846154, 0.9993846153846154, 0.9993846153846154, 1.0, 0.9993846153846154, 1.0, 1.0, 0.9993846153846154, 1.0, 1.0, 1.0, 1.0, 1.0, 1.0, 1.0, 1.0, 1.0, 1.0, 1.0, 1.0, 1.0, 1.0, 1.0, 1.0, 1.0, 1.0],