{"seed": 0, "run_name": "tbl1_muadam_orig__muadam_linear-classifier_mushrooms__config_name-basic__batch_size-256__n_epoches_train-200__dtype-float32__ns_steps-20__no_bias__n_epoches_tune-5__tune_runs-30__save_curves", "train_loss": [0.7171049843846196, 0.7057739354431287, 0.6920293359158753, 0.6807951275690687, 0.6674365897121348, 0.6577130193716009, 0.6453323664257729, 0.6344797439255168, 0.6238330022832415, 0.611393061730016, 0.6015128966182487, 0.5925128937361971, 0.5804559107499698, 0.5705177259791673, 0.5589715327445431, 0.5497339836217708, 0.5396296538022571, 0.5308197730912341, 0.519721525006335, 0.5111022184051859, 0.5033821917813346, 0.4914589015622272, 0.48406370089018025, 0.4764893371923205, 0.4678148566833745, 0.46069234980573354, 0.4538446190422167, 0.4464490443363394, 0.43868125229905314, 0.43408733247301057, 0.42735559589204103, 0.42155268889485403, 0.4158233413806569, 0.4099464195730934, 0.40465231361480547, 0.4011058303002799, 0.3960988516494252, 0.39355059236247947, 0.3886719323355813, 0.3843025763372998, 0.37984831596085183, 0.3769256248754542, 0.3747074794770068, 0.37095135703460963, 0.3680791615881584, 0.3649366703108491, 0.3619167887159622, 0.3591849308646594, 0.356702258267754, 0.35450440267599054, 0.35178731692561366, 0.3488679665530462, 0.34680188605849904, 0.34463801788325354, 0.34310423942125723, 0.3407095240145891, 0.33902613026322176, 0.3373963760214338, 0.33549699603752325, 0.3343700384206027, 0.3325879874593874, 0.3313703449108561, 0.3294813571692313, 0.32848986183961687, 0.32759357136692463, 0.32629153952033085, 0.32563853258410036, 0.3241250458853982, 0.32348303880808205, 0.32248436650565016, 0.32187705711483977, 0.3212397880033626, 0.32055599142502295, 0.3198077715656939, 0.31931026447423616, 0.3187568511754674, 0.31818806046665327, 0.3177321861810821, 0.31732579309659065, 0.31685490876413064, 0.3165120407077758, 0.3162253017924313, 0.3158532087661244, 0.315576166947605, 0.3153180800917317, 0.3150578331971736, 0.31487404071059827, 0.31470169166441814, 0.31449579786511195, 0.3144002256168422, 0.31421039185360355, 0.3141209762965006, 0.3139973801472872, 0.3138980186824727, 0.31386086140323677, 0.3137518275738665, 0.31368830244616974, 0.3136235524285346, 0.313569754255964, 0.31352598879722104, 0.313488650035774, 0.31345290249636293, 0.3134244968052068, 0.31340209669893077, 0.31338330207500104, 0.31336643524912267, 0.31334662095441645, 0.3133332221142889, 0.3133207673315971, 0.31331102247733933, 0.31330275809634067, 0.3132953736355055, 0.31328997106827183, 0.3132853707224463, 0.3132824293894279, 0.31327732720978746, 0.3132749708863956, 0.31327242404751066, 0.31327041825856117, 0.31326870220433506, 0.3132673955627127, 0.31326627778200605, 0.3132654891171546, 0.3132646995610287, 0.31326408419879936, 0.3132636282825024, 0.3132631880538861, 0.31326287349090565, 0.31326262386865755, 0.3132624511033746, 0.3132622898931387, 0.3132621406485844, 0.3132620433404899, 0.3132619551097145, 0.3132618968735042, 0.31326186442898396, 0.3132618112116656, 0.3132617817370239, 0.3132617584008819, 0.3132617429899861, 0.3132617290078183, 0.31326171908113926, 0.31326171142062004, 0.3132617053917329, 0.3132617004842631, 0.31326169725474917, 0.313261694999915, 0.3132616927385078, 0.31326169154431527, 0.3132616903587801, 0.31326168961737405, 0.3132616891644111, 0.31326168867791343, 0.3132616884131075, 0.31326168818698413, 0.3132616880292107, 0.3132616879169213, 0.31326168783312724, 0.313261687746211, 0.31326168769406454, 0.31326168763581785, 0.31326168761230244, 0.31326168758878664, 0.31326168757000883, 0.3132616875560072, 0.3132616875436705, 0.313261687537357, 0.31326168753101563, 0.31326168752692973, 0.3132616875247334, 0.313261687522604, 0.3132616875214737, 0.31326168752038297, 0.31326168751969574, 0.3132616875191792, 0.31326168751887334, 0.3132616875186823, 0.3132616875185172, 0.31326168751842765, 0.31326168751835987, 0.3132616875183148, 0.3132616875182851, 0.3132616875182638, 0.3132616875182487, 0.3132616875182403, 0.3132616875182346, 0.3132616875182301, 0.31326168751822736, 0.3132616875182258, 0.3132616875182247, 0.31326168751822403, 0.31326168751822364, 0.3132616875182234, 0.31326168751822314, 0.313261687518223, 0.3132616875182228, 0.3132616875182228, 0.3132616875182228, 0.3132616875182228, 0.3132616875182228], "val_accuracy": [0.47384615384615386, 0.49415384615384617, 0.52, 0.5421538461538462, 0.5716923076923077, 0.6061538461538462, 0.6461538461538462, 0.68, 0.7163076923076923, 0.7458461538461538, 0.7692307692307693, 0.7963076923076923, 0.8264615384615385, 0.8510769230769231, 0.8695384615384616, 0.8861538461538462, 0.8966153846153846, 0.9027692307692308, 0.9076923076923077, 0.9101538461538462, 0.9138461538461539, 0.9181538461538462, 0.9187692307692308, 0.9187692307692308, 0.9193846153846154, 0.92, 0.9212307692307692, 0.9236923076923077, 0.924923076923077, 0.9255384615384615, 0.9261538461538461, 0.9273846153846154, 0.9304615384615385, 0.9323076923076923, 0.9341538461538461, 0.9372307692307692, 0.940923076923077, 0.9427692307692308, 0.9446153846153846, 0.9458461538461539, 0.9501538461538461, 0.9526153846153846, 0.9569230769230769, 0.9593846153846154, 0.96, 0.9649230769230769, 0.9661538461538461, 0.9686153846153847, 0.9692307692307692, 0.9723076923076923, 0.9747692307692307, 0.9778461538461538, 0.9803076923076923, 0.9833846153846154, 0.9895384615384616, 0.9913846153846154, 0.9938461538461538, 0.9950769230769231, 0.9950769230769231, 0.9963076923076923, 0.9969230769230769, 0.9969230769230769, 0.9975384615384615, 0.9975384615384615, 0.9981538461538462, 0.9981538461538462, 0.9981538461538462, 0.9981538461538462, 0.9981538461538462, 0.9981538461538462, 0.9981538461538462, 0.9981538461538462, 0.9981538461538462, 0.9981538461538462, 0.9981538461538462, 0.9981538461538462, 0.9981538461538462, 0.9981538461538462, 0.9981538461538462, 0.9981538461538462, 0.9987692307692307, 0.9987692307692307, 0.9993846153846154, 0.9993846153846154, 0.9993846153846154, 0.9993846153846154, 1.0, 1.0, 1.0, 1.0, 1.0, 1.0, 1.0, 1.0, 1.0, 1.0, 1.0, 1.0, 1.0, 1.0, 1.0, 1.0, 1.0, 1.0, 1.0, 1.0, 1.0, 1.0, 1.0, 1.0, 1.0, 1.0, 1.0, 1.0, 1.0, 1.0, 1.0, 1.0, 1.0, 1.0, 1.0, 1.0, 1.0, 1.0, 1.0, 1.0, 1.0, 1.0, 1.0, 1.0, 1.0, 1.0, 1.0, 1.0, 1.0, 1.0, 1.0, 1.0, 1.0, 1.0, 1.0, 1.0, 1.0, 1.0, 1.0, 1.0, 1.0, 1.0, 1.0, 1.0, 1.0, 1.0, 1.0, 1.0, 1.0, 1.0, 1.0, 1.0, 1.0, 1.0, 1.0, 1.0, 1.0, 1.0, 1.0, 1.0, 1.0, 1.0, 1.0, 1.0, 1.0, 1.0, 1.0, 1.0, 1.0, 1.0, 1.0, 1.0, 1.0, 1.0, 1.0, 1.0, 1.0, 1.0, 1.0, 1.0, 1.0, 1.0, 1.0, 1.0, 1.0, 1.0, 1.0, 1.0, 1.0, 1.0, 1.0, 1.0, 1.0, 1.0],