{"seed": 2, "run_name": "tbl1_normalized_sgd_orig__normalized_sgd_linear-classifier_mushrooms__config_name-basic__batch_size-256__n_epoches_train-200__dtype-float32__no_bias__n_epoches_tune-5__tune_runs-30__save_curves", "train_loss": [0.6958435596702371, 0.6945999188209393, 0.6938298739969649, 0.6936414312466276, 0.6917528506055944, 0.6913573841218912, 0.6903225251469643, 0.6899743582110714, 0.6895856399672762, 0.6883813778946076, 0.688333112161218, 0.686621637086459, 0.6863512112705064, 0.6858454403673931, 0.6849186470310025, 0.6845440646521841, 0.683078719066419, 0.6829619741675398, 0.6821037694407996, 0.6805607822115812, 0.6801134220353484, 0.6801019491845451, 0.6793993532305436, 0.6778304981348271, 0.6773743741059535, 0.6769495944215164, 0.6762963038736683, 0.6751442871003563, 0.6743925791299722, 0.6735045322562927, 0.6729086577330597, 0.6727522116271263, 0.6718027350627491, 0.6705841825953883, 0.6699677915183058, 0.6691067779084563, 0.6679903325260477, 0.6672768660499976, 0.6670228132244926, 0.6656585567635463, 0.6655534678870489, 0.6642854320333264, 0.6633134889845147, 0.6629213987194986, 0.6612930584503793, 0.6619200600190399, 0.6602483650701276, 0.6598125302249577, 0.6584062947960074, 0.6578088437639596, 0.6574345931268, 0.6563309962206904, 0.6557271543836085, 0.654434290454134, 0.6539766713132965, 0.6528124298496987, 0.6526681149380678, 0.6520594259991964, 0.6513635299547411, 0.6502657898382876, 0.6496799994188445, 0.6481661578148066, 0.6474126871731888, 0.6468895163856453, 0.6455667322675311, 0.645449797906808, 0.6442633418498397, 0.6430321387509218, 0.6434199414011812, 0.6419529529744797, 0.6408231239234043, 0.6394160073723986, 0.6393011531466042, 0.6388801824589398, 0.6376845339075374, 0.6374683820773891, 0.6360585300770398, 0.6350058711115328, 0.6338387973372462, 0.6335148339947511, 0.6317261179486282, 0.6323544515374531, 0.6305790929115516, 0.6298974953733848, 0.6285967916099297, 0.6278203719768053, 0.6268650564372935, 0.6266038712639395, 0.6260807597765978, 0.6251097698081717, 0.6233895616475157, 0.6233610615691791, 0.6226579637883567, 0.6198657018445509, 0.6191945826040047, 0.619202619747451, 0.6179147204977633, 0.6172516834119235, 0.6169713632169426, 0.6161702177038383, 0.6150722674162992, 0.6139519282424569, 0.6128481981014672, 0.6124151481565816, 0.6107148044892348, 0.6107753689803219, 0.6093422443995149, 0.6087428762928518, 0.6074606918217048, 0.6062754826322196, 0.6059878933531696, 0.6038841267693341, 0.6043562886137964, 0.6032558757804294, 0.6024169087627879, 0.6014315306014647, 0.6000333144404395, 0.5988655934322158, 0.5986699015262781, 0.5978690399550143, 0.5970313755143173, 0.5961113935069676, 0.5954261155295754, 0.5940955977916186, 0.5919513173890757, 0.591881017692874, 0.5913217021859173, 0.5898072943622509, 0.5892913471103582, 0.588676917491334, 0.5873704429884632, 0.5860988422607613, 0.5854908408729202, 0.5845065302393607, 0.5834226529151469, 0.5830408260654572, 0.5824191716293035, 0.580431562953436, 0.5797843883075595, 0.580461831750621, 0.5780285138770058, 0.5777660452197704, 0.5774228344795072, 0.575614268989595, 0.5738519101645022, 0.5736568866268391, 0.5724131224757224, 0.5720950474754758, 0.5709652103368809, 0.5705579739669907, 0.5699840448765624, 0.5683016564658638, 0.566844601373686, 0.5666133431937226, 0.5647441408076623, 0.564724421846081, 0.563289207708343, 0.5622262692659609, 0.5631094129310167, 0.5613855304705213, 0.5599977657298488, 0.559388915379899, 0.5576725219415972, 0.5584313101633613, 0.5565384000204218, 0.5554835922158519, 0.5561880269526587, 0.5543541376785934, 0.5528810327389705, 0.5522365791809433, 0.5511177614716816, 0.5505396700330961, 0.5491392721866339, 0.5477780684983127, 0.5477691494606438, 0.5468419814819367, 0.5467892970104422, 0.545233999232774, 0.544324971588419, 0.5422935304275128, 0.5422800771142462, 0.5419124942820757, 0.5411387592705212, 0.5392476455878353, 0.538586575404322, 0.539130077032216, 0.5365523513970969, 0.5359117986550639, 0.5349734917415538, 0.5346984935933684, 0.533545471766105, 0.5334350129991051, 0.5330429204710034, 0.5303749520606259, 0.52979721983802, 0.5308391318839886, 0.5294526218131833, 0.5280340114606047, 0.5261680224021587, 0.5260541402822964], "val_accuracy": [0.5273846153846153, 0.5341538461538462, 0.5372307692307692, 0.5421538461538462, 0.5483076923076923, 0.5544615384615385, 0.56, 0.563076923076923, 0.5667692307692308, 0.5716923076923077, 0.576, 0.5821538461538461, 0.584, 0.5883076923076923, 0.592, 0.5938461538461538, 0.5963076923076923, 0.5987692307692307, 0.6024615384615385, 0.6043076923076923, 0.6073846153846154, 0.6104615384615385, 0.6123076923076923, 0.6153846153846154, 0.6209230769230769, 0.6227692307692307, 0.6295384615384615, 0.6313846153846154, 0.6344615384615384, 0.6363076923076924, 0.6387692307692308, 0.6412307692307693, 0.6455384615384615, 0.6498461538461539, 0.6535384615384615, 0.656, 0.660923076923077, 0.6652307692307692, 0.668923076923077, 0.6707692307692308, 0.6750769230769231, 0.6775384615384615, 0.6806153846153846, 0.6836923076923077, 0.6873846153846154, 0.6873846153846154, 0.6892307692307692, 0.6904615384615385, 0.696, 0.7027692307692308, 0.704, 0.7083076923076923, 0.712, 0.7132307692307692, 0.7144615384615385, 0.7169230769230769, 0.7187692307692307, 0.7236923076923077, 0.7255384615384616, 0.7286153846153847, 0.7298461538461538, 0.7304615384615385, 0.7323076923076923, 0.736, 0.7366153846153846, 0.7403076923076923, 0.7427692307692307, 0.744, 0.7476923076923077, 0.7489230769230769, 0.7526153846153846, 0.7556923076923077, 0.7575384615384615, 0.7636923076923077, 0.7661538461538462, 0.7686153846153846, 0.7710769230769231, 0.7741538461538462, 0.776, 0.7796923076923077, 0.7815384615384615, 0.784, 0.7858461538461539, 0.7870769230769231, 0.7876923076923077, 0.7883076923076923, 0.788923076923077, 0.7913846153846154, 0.7956923076923077, 0.7981538461538461, 0.7987692307692308, 0.8, 0.8018461538461539, 0.804923076923077, 0.8067692307692308, 0.8073846153846154, 0.808, 0.8098461538461539, 0.811076923076923, 0.812923076923077, 0.8166153846153846, 0.8172307692307692, 0.8184615384615385, 0.8203076923076923, 0.8215384615384616, 0.824, 0.8252307692307692, 0.8258461538461539, 0.8289230769230769, 0.8301538461538461, 0.8295384615384616, 0.8301538461538461, 0.832, 0.8344615384615385, 0.8369230769230769, 0.84, 0.8393846153846154, 0.8387692307692308, 0.8406153846153847, 0.8418461538461538, 0.8436923076923077, 0.8455384615384616, 0.8492307692307692, 0.8504615384615385, 0.8510769230769231, 0.8535384615384616, 0.856, 0.8572307692307692, 0.8615384615384616, 0.8627692307692307, 0.864, 0.8646153846153846, 0.8652307692307692, 0.8652307692307692, 0.864, 0.8652307692307692, 0.8658461538461538, 0.8664615384615385, 0.8676923076923077, 0.8701538461538462, 0.8713846153846154, 0.8726153846153846, 0.8732307692307693, 0.8744615384615385, 0.8763076923076923, 0.8781538461538462, 0.8806153846153846, 0.8830769230769231, 0.8836923076923077, 0.8836923076923077, 0.8836923076923077, 0.8843076923076924, 0.8855384615384615, 0.8861538461538462, 0.8867692307692308, 0.8873846153846154, 0.8886153846153846, 0.8892307692307693, 0.8904615384615384, 0.8910769230769231, 0.8910769230769231, 0.8910769230769231, 0.8929230769230769, 0.8941538461538462, 0.8941538461538462, 0.8947692307692308, 0.896, 0.8953846153846153, 0.896, 0.8966153846153846, 0.8972307692307693, 0.8972307692307693, 0.8972307692307693, 0.8984615384615384, 0.8984615384615384, 0.8984615384615384, 0.8990769230769231, 0.8990769230769231, 0.8996923076923077, 0.9009230769230769, 0.9009230769230769, 0.9015384615384615, 0.9021538461538462, 0.9027692307692308, 0.9027692307692308, 0.904, 0.9046153846153846, 0.9046153846153846, 0.9046153846153846, 0.9058461538461539, 0.9070769230769231, 0.9070769230769231, 0.908923076923077, 0.908923076923077, 0.9101538461538462, 0.9101538461538462, 0.9113846153846153, 0.9126153846153846, 0.9126153846153846, 0.9126153846153846],