{"seed": 1, "run_name": "tbl1_adam_scaled__adam_linear-classifier_mushrooms__config_name-basic__batch_size-256__n_epoches_train-200__dtype-float32__scale__no_bias__n_epoches_tune-5__tune_runs-30__save_curves", "train_loss": [0.7456471733270216, 0.7337240020435043, 0.7231380602845828, 0.7093996661481384, 0.6894835738313296, 0.6624094735101987, 0.6412898822097957, 0.6127285737842685, 0.5851111082585863, 0.5519973183530668, 0.5150651242147875, 0.4820351212151921, 0.45768924727477367, 0.4401214036499354, 0.42506125434900255, 0.42077007277378703, 0.4115791686820709, 0.4087471077343067, 0.4053268862804444, 0.4039187795147399, 0.4013571578355515, 0.3979557597335805, 0.3971717159722259, 0.3954377890069419, 0.3940837999855429, 0.39376768731475353, 0.39133410010582137, 0.39113641748843303, 0.39024170823976, 0.389744065385249, 0.3893460198377205, 0.38760600668527934, 0.3863699550763559, 0.38538664400687533, 0.3858985706833903, 0.38452312765429403, 0.3867964338900014, 0.3819641058533018, 0.3823900227949755, 0.3815603855150924, 0.38047964221201214, 0.37947715966437046, 0.37883273699369097, 0.37911310653977465, 0.3800090678448309, 0.37619008684060307, 0.3764439227475417, 0.3782486277932624, 0.3770017155738437, 0.37515634208131604, 0.37492038023736696, 0.3742705681741086, 0.37446763805846794, 0.373358388607979, 0.3717835401202042, 0.3723167152737455, 0.3713482505141375, 0.3720503597704552, 0.3710202600055474, 0.3712565384613651, 0.37169960715525774, 0.368573056345981, 0.36924307765963976, 0.3686745135721924, 0.36950817779667683, 0.36922991732202787, 0.3667104050977322, 0.3668405397229001, 0.36552328861836075, 0.36682071445572423, 0.3655315768595152, 0.36472123932506406, 0.36406135673513196, 0.3639938852949087, 0.36283908550577476, 0.36400035922853374, 0.36305570027021206, 0.36122272402184963, 0.361765441145898, 0.35993696201116515, 0.35956312898711884, 0.35945470758333425, 0.3585058277016441, 0.3581370672998384, 0.3569733254721063, 0.3570840842324064, 0.3560669617477308, 0.3550506318440241, 0.35341459062597524, 0.3526461107765619, 0.3510781292517505, 0.34916726009262433, 0.3477379226657635, 0.34691877220605727, 0.34636580977085013, 0.34435910906081774, 0.3425225726506067, 0.34210695231216287, 0.34015831915862416, 0.33957409516510223, 0.3391633984030534, 0.33755915691085214, 0.33695021555419247, 0.33664482846717414, 0.33633108735039124, 0.33514418947876834, 0.33518848717788535, 0.33410572890712703, 0.3337162749131779, 0.3334349731875572, 0.33270323938243973, 0.3324541298813872, 0.331867309159914, 0.3322530028152391, 0.3311160302975527, 0.33089672773535084, 0.3303236821914545, 0.3304807133778082, 0.3301041275808814, 0.3292174435526446, 0.3291006194357587, 0.32924628829822267, 0.32833833706446036, 0.3284870066641695, 0.32787448803688296, 0.3277032588224923, 0.32797708088690625, 0.32716268166105705, 0.32666310813975524, 0.3263951091708021, 0.3265175331389457, 0.3261396251438835, 0.32564922872402563, 0.32562390316728856, 0.3252087272877219, 0.3246861989560756, 0.32484829786569497, 0.3245073517132665, 0.32403070407460666, 0.3240336219104123, 0.32371892542580327, 0.32369867979049244, 0.32329450902661294, 0.3233396636458518, 0.32302304228209666, 0.32281976055868794, 0.32320233869535975, 0.32248526976078973, 0.3223655715945393, 0.32243217962183585, 0.3219032001424317, 0.3218257352762787, 0.3215887187635595, 0.3214987751457965, 0.3214375214098469, 0.3213917593953268, 0.3210498935653534, 0.3210736009582097, 0.320912007378001, 0.3206134449632297, 0.3205879994754309, 0.32047249584294296, 0.3203983900887684, 0.32016010333774997, 0.32034086546961593, 0.3199267563801341, 0.3199408930131925, 0.319720740471721, 0.3197377928283182, 0.3195184761329159, 0.3193922736204577, 0.31937770598123244, 0.3192589477407662, 0.3191522710359306, 0.3190259908587432, 0.3189425552112284, 0.31883695666749395, 0.3187346895842386, 0.3187626972845475, 0.3186720944880008, 0.31855163822429633, 0.31847662668799315, 0.31847836512701383, 0.31847808221022184, 0.3181799393957862, 0.31815278628524635, 0.31813351926659056, 0.318064833306627, 0.317947636777615, 0.31778624881272327, 0.31786242008654325, 0.31774643393580354, 0.3176948277022711, 0.31771297144792104, 0.31759143756742864, 0.3175499197302005, 0.3174847572347428, 0.31735755030981627, 0.3173253440958906, 0.31723429307533146], "val_accuracy": [0.5667692307692308, 0.5803076923076923, 0.592, 0.6030769230769231, 0.6221538461538462, 0.6603076923076923, 0.696, 0.7175384615384616, 0.728, 0.7704615384615384, 0.8184615384615385, 0.8843076923076924, 0.8966153846153846, 0.9181538461538462, 0.9255384615384615, 0.9316923076923077, 0.9347692307692308, 0.9353846153846154, 0.9366153846153846, 0.9366153846153846, 0.9372307692307692, 0.9378461538461539, 0.9396923076923077, 0.9403076923076923, 0.9415384615384615, 0.9421538461538461, 0.9421538461538461, 0.9421538461538461, 0.9421538461538461, 0.9433846153846154, 0.944, 0.944, 0.9433846153846154, 0.9446153846153846, 0.9446153846153846, 0.9458461538461539, 0.9464615384615385, 0.9476923076923077, 0.9476923076923077, 0.9476923076923077, 0.9476923076923077, 0.9489230769230769, 0.9489230769230769, 0.9495384615384616, 0.9507692307692308, 0.9507692307692308, 0.9507692307692308, 0.9507692307692308, 0.9532307692307692, 0.9544615384615385, 0.9569230769230769, 0.9569230769230769, 0.9563076923076923, 0.9563076923076923, 0.9569230769230769, 0.9569230769230769, 0.9569230769230769, 0.9569230769230769, 0.9569230769230769, 0.9569230769230769, 0.9563076923076923, 0.9563076923076923, 0.9563076923076923, 0.9569230769230769, 0.9581538461538461, 0.9581538461538461, 0.9581538461538461, 0.9581538461538461, 0.9581538461538461, 0.9581538461538461, 0.9593846153846154, 0.96, 0.9606153846153846, 0.963076923076923, 0.9636923076923077, 0.9643076923076923, 0.9649230769230769, 0.9649230769230769, 0.9649230769230769, 0.9655384615384616, 0.9655384615384616, 0.9655384615384616, 0.9661538461538461, 0.9661538461538461, 0.9661538461538461, 0.9661538461538461, 0.9661538461538461, 0.9661538461538461, 0.9661538461538461, 0.9710769230769231, 0.9729230769230769, 0.9747692307692307, 0.9741538461538461, 0.9766153846153847, 0.9784615384615385, 0.9864615384615385, 0.9870769230769231, 0.9901538461538462, 0.992, 0.9932307692307693, 0.9944615384615385, 0.9950769230769231, 0.9950769230769231, 0.9950769230769231, 0.9944615384615385, 0.9950769230769231, 0.9950769230769231, 0.9950769230769231, 0.9950769230769231, 0.9950769230769231, 0.9950769230769231, 0.9950769230769231, 0.9956923076923077, 0.9950769230769231, 0.9950769230769231, 0.9950769230769231, 0.9950769230769231, 0.9950769230769231, 0.9956923076923077, 0.9956923076923077, 0.9956923076923077, 0.9956923076923077, 0.9956923076923077, 0.9956923076923077, 0.9956923076923077, 0.9963076923076923, 0.9963076923076923, 0.9963076923076923, 0.9963076923076923, 0.9963076923076923, 0.9963076923076923, 0.9981538461538462, 0.9981538461538462, 0.9981538461538462, 0.9981538461538462, 0.9981538461538462, 0.9981538461538462, 0.9981538461538462, 0.9981538461538462, 0.9981538461538462, 0.9981538461538462, 0.9981538461538462, 0.9981538461538462, 0.9981538461538462, 0.9981538461538462, 0.9981538461538462, 0.9981538461538462, 0.9981538461538462, 0.9987692307692307, 0.9987692307692307, 0.9987692307692307, 0.9987692307692307, 0.9987692307692307, 0.9987692307692307, 0.9987692307692307, 0.9987692307692307, 0.9987692307692307, 0.9987692307692307, 0.9987692307692307, 0.9987692307692307, 0.9987692307692307, 0.9987692307692307, 0.9987692307692307, 0.9987692307692307, 0.9987692307692307, 0.9987692307692307, 0.9987692307692307, 0.9987692307692307, 0.9987692307692307, 0.9987692307692307, 0.9987692307692307, 0.9987692307692307, 0.9987692307692307, 0.9987692307692307, 0.9987692307692307, 0.9987692307692307, 0.9987692307692307, 0.9987692307692307, 0.9993846153846154, 1.0, 0.9993846153846154, 0.9993846153846154, 0.9993846153846154, 0.9993846153846154, 1.0, 1.0, 1.0, 1.0, 1.0, 1.0, 1.0, 1.0, 1.0, 1.0, 1.0, 1.0, 1.0, 1.0, 1.0, 1.0],