{"seed": 0, "run_name": "tbl1_soap_orig__soap_linear-classifier_mushrooms__config_name-basic__batch_size-256__n_epoches_train-200__dtype-float32__shampoo_beta-0.9__no_bias__n_epoches_tune-5__tune_runs-30__save_curves", "train_loss": [0.721280473938348, 0.7195622159911885, 0.7148596216916666, 0.7134625715508394, 0.7092872103193806, 0.7089272456365997, 0.7052306318410642, 0.7030624710922876, 0.7017748406294071, 0.6972686304500223, 0.6953535393448487, 0.695198245776756, 0.6906965357906741, 0.6900991290668372, 0.6866814938064695, 0.6839068616899001, 0.6801766013957627, 0.6787485614191359, 0.6757606055917951, 0.6745092393608116, 0.6739521000384194, 0.6685605142469996, 0.6662244847004071, 0.6642764343334165, 0.6617804997225111, 0.6608926536491372, 0.6575924806683873, 0.656583052521533, 0.6522557798070964, 0.6501434020715724, 0.6483423743409096, 0.6462614157134545, 0.6430423162357268, 0.6407182291319332, 0.6374106879219228, 0.6357802371271809, 0.6339447585157558, 0.6329748482359652, 0.6297607294506333, 0.6261838772888557, 0.6231199307362746, 0.6217793041848687, 0.6184181144176275, 0.6161718932970288, 0.6146191295061286, 0.6129017018153656, 0.6105496357470469, 0.6074640893765432, 0.6046068624803081, 0.603511280785639, 0.6017189586997105, 0.597223019246977, 0.5963489815462336, 0.5935732520866478, 0.5925106192759579, 0.5889031074700296, 0.5880275750373258, 0.585652334667223, 0.5842463524750852, 0.5816540049521326, 0.580399928132851, 0.5778958333281403, 0.5743055443552301, 0.5727122972685121, 0.5720919821620365, 0.5687751760582888, 0.5681200212735276, 0.5660632384479758, 0.5630157285920524, 0.5602569925279809, 0.5603135203742952, 0.5584994849292713, 0.5555824374028593, 0.553938829940928, 0.5527613790282749, 0.5510756487682662, 0.5482223567620818, 0.546953850425583, 0.546208934124375, 0.5438036874584737, 0.5420323095856588, 0.5420315875717483, 0.5382165498199513, 0.5363343098245895, 0.5352300900690017, 0.5332648979781601, 0.5312759307941134, 0.530651392136469, 0.5275228356056526, 0.5262933045737131, 0.5238949602601984, 0.5235373457548923, 0.5215144541403189, 0.5188227850799175, 0.5187734688451234, 0.5158460287511183, 0.5149443421697979, 0.5115466649702327, 0.5104851676629928, 0.5088684541899894, 0.5064365403920531, 0.5052121604111759, 0.5031118371055744, 0.501278554025992, 0.5005340808043439, 0.49806065864137106, 0.49701708426762, 0.4954452484669822, 0.4941741001751312, 0.4929323730350783, 0.4906931251069971, 0.48931445365324183, 0.48728329903443507, 0.48746933077473253, 0.48452752642002517, 0.48400118652195045, 0.483346554537341, 0.4815659238417843, 0.47947089844158697, 0.47875739128863376, 0.47764746493333, 0.47626850402594734, 0.4755299976999651, 0.4745990400909292, 0.47312976797292927, 0.4714959426692103, 0.4697717905029439, 0.4689238607383268, 0.4668055048756865, 0.4671108318200061, 0.4654452754182895, 0.4639889492542601, 0.4632346253660429, 0.46167670012744977, 0.4609383096392234, 0.45954922982106444, 0.4602018802562608, 0.4582939197246615, 0.4566124076008864, 0.45563866134080183, 0.45469045621345944, 0.45275786377100713, 0.4515970987974325, 0.4509631848458077, 0.4497961607585419, 0.449602177504776, 0.4492944925721998, 0.44655044029986574, 0.4455652928386002, 0.4450426136597104, 0.4437547058468205, 0.44288091683503594, 0.44128770242401655, 0.4417856267071202, 0.44072254883515977, 0.43969376623226386, 0.438557325277466, 0.43719493224767975, 0.43558473443080314, 0.43555324722229516, 0.4344751977001405, 0.4334091412359881, 0.43216573406349074, 0.43095670023683413, 0.4299259079356624, 0.42958679006746775, 0.42927031037260316, 0.4286316593260613, 0.4271199497764176, 0.4266482377210145, 0.42597855452450767, 0.42489977397554707, 0.4255912412017291, 0.42218383927604075, 0.42089228512486426, 0.42067380557604694, 0.4231364273069585, 0.41839486074660803, 0.41795745644211235, 0.41796253776793746, 0.4165410780825896, 0.4158158958319776, 0.4145426752119713, 0.4142592810396609, 0.4132753226804233, 0.4120197010268546, 0.41097071027943033, 0.41018487558062694, 0.4098985442104836, 0.4088893431614255, 0.4078453194543344, 0.4077672364108178, 0.4070918728140807, 0.4055997272732474, 0.4055294741797944, 0.4059865930411064, 0.4041123070334623, 0.403138672145525, 0.40266732290002805, 0.4019790898034782], "val_accuracy": [0.46584615384615385, 0.4695384615384615, 0.47507692307692306, 0.47692307692307695, 0.48, 0.4836923076923077, 0.48738461538461536, 0.4898461538461538, 0.49353846153846154, 0.4978461538461538, 0.5033846153846154, 0.5083076923076923, 0.5150769230769231, 0.5224615384615384, 0.528, 0.5323076923076923, 0.5372307692307692, 0.5403076923076923, 0.5464615384615384, 0.5538461538461539, 0.5581538461538461, 0.5624615384615385, 0.5673846153846154, 0.5735384615384616, 0.579076923076923, 0.5858461538461538, 0.5901538461538461, 0.5975384615384616, 0.6067692307692307, 0.6184615384615385, 0.6246153846153846, 0.6301538461538462, 0.6375384615384615, 0.6461538461538462, 0.6535384615384615, 0.6603076923076923, 0.6646153846153846, 0.6701538461538461, 0.6793846153846154, 0.6861538461538461, 0.6953846153846154, 0.7027692307692308, 0.7107692307692308, 0.715076923076923, 0.7187692307692307, 0.7304615384615385, 0.7396923076923076, 0.7458461538461538, 0.7483076923076923, 0.7526153846153846, 0.76, 0.7673846153846153, 0.7729230769230769, 0.784, 0.788923076923077, 0.7944615384615384, 0.7975384615384615, 0.8055384615384615, 0.812923076923077, 0.8166153846153846, 0.8215384615384616, 0.8258461538461539, 0.8295384615384616, 0.8332307692307692, 0.8369230769230769, 0.8418461538461538, 0.8467692307692307, 0.8492307692307692, 0.8535384615384616, 0.856, 0.8621538461538462, 0.8658461538461538, 0.8707692307692307, 0.8756923076923077, 0.88, 0.8843076923076924, 0.8873846153846154, 0.8892307692307693, 0.8916923076923077, 0.8929230769230769, 0.8972307692307693, 0.9003076923076923, 0.9027692307692308, 0.9046153846153846, 0.9064615384615384, 0.9095384615384615, 0.9138461538461539, 0.9187692307692308, 0.9212307692307692, 0.9224615384615384, 0.924923076923077, 0.924923076923077, 0.9292307692307692, 0.931076923076923, 0.9323076923076923, 0.9341538461538461, 0.936, 0.9378461538461539, 0.939076923076923, 0.940923076923077, 0.9415384615384615, 0.9433846153846154, 0.9452307692307692, 0.947076923076923, 0.9483076923076923, 0.9483076923076923, 0.9489230769230769, 0.9489230769230769, 0.9495384615384616, 0.9501538461538461, 0.9501538461538461, 0.9507692307692308, 0.9507692307692308, 0.9507692307692308, 0.9507692307692308, 0.9513846153846154, 0.9513846153846154, 0.9513846153846154, 0.9513846153846154, 0.952, 0.952, 0.952, 0.952, 0.9532307692307692, 0.9532307692307692, 0.9532307692307692, 0.9532307692307692, 0.9538461538461539, 0.955076923076923, 0.955076923076923, 0.9556923076923077, 0.9563076923076923, 0.9569230769230769, 0.9575384615384616, 0.9575384615384616, 0.9581538461538461, 0.9587692307692308, 0.9593846153846154, 0.9593846153846154, 0.96, 0.96, 0.96, 0.96, 0.96, 0.96, 0.96, 0.96, 0.96, 0.9606153846153846, 0.9606153846153846, 0.9606153846153846, 0.9612307692307692, 0.9612307692307692, 0.9612307692307692, 0.9612307692307692, 0.9612307692307692, 0.9612307692307692, 0.9612307692307692, 0.9612307692307692, 0.9612307692307692, 0.9612307692307692, 0.9612307692307692, 0.9618461538461538, 0.9618461538461538, 0.9618461538461538, 0.9624615384615385, 0.963076923076923, 0.963076923076923, 0.9636923076923077, 0.9636923076923077, 0.9636923076923077, 0.9636923076923077, 0.9636923076923077, 0.9636923076923077, 0.9636923076923077, 0.9636923076923077, 0.9636923076923077, 0.9636923076923077, 0.9636923076923077, 0.9643076923076923, 0.9643076923076923, 0.9643076923076923, 0.9649230769230769, 0.9655384615384616, 0.9655384615384616, 0.9655384615384616, 0.9655384615384616, 0.9661538461538461, 0.9667692307692307, 0.9667692307692307, 0.9667692307692307, 0.9673846153846154, 0.9673846153846154, 0.968, 0.968, 0.968, 0.968, 0.968, 0.968, 0.968],