{"seed": 2, "run_name": "tbl1_muadam_orig__muadam_linear-classifier_mushrooms__config_name-basic__batch_size-256__n_epoches_train-200__dtype-float32__ns_steps-20__no_bias__n_epoches_tune-5__tune_runs-30__save_curves", "train_loss": [0.6924135635718237, 0.6831355526777343, 0.6740021958025928, 0.6655030801214429, 0.6552958340152059, 0.6457575930022249, 0.6360525584203723, 0.6264622863682419, 0.6166104600835175, 0.605798133966143, 0.5956732069552728, 0.5851738629509879, 0.5750446218670171, 0.5643449049358016, 0.5539004284884341, 0.5440301741550639, 0.5347139215986898, 0.5255290429169416, 0.5161673272044831, 0.5056263488027087, 0.4977035667492324, 0.48938971547189686, 0.4818172848266796, 0.47424336765836966, 0.46589817861170596, 0.45988831111207695, 0.45115936513864147, 0.44431685728439946, 0.4376555030347144, 0.43066756838002695, 0.4239249600761029, 0.4176159807561373, 0.41312585361197246, 0.4075689156196128, 0.401121960012501, 0.39582465428737257, 0.39130561252305346, 0.3862311562967443, 0.38316799701270904, 0.3776069164077111, 0.37358522966099, 0.370044044997596, 0.36646297986137194, 0.3630406042544434, 0.35920199292608546, 0.35713228541982134, 0.3535467366741075, 0.3507751563846328, 0.34832856670712764, 0.3458234437289892, 0.3437671769468431, 0.3411889938225748, 0.339358693662174, 0.3375596253559142, 0.3356729747546073, 0.3339215407772242, 0.3323119842397726, 0.33129649647774406, 0.3301554112758368, 0.3283794656621514, 0.3271572741278127, 0.3259986567825055, 0.3251269602682374, 0.3241041029788346, 0.32305278878738325, 0.3224082846447884, 0.32144769346890256, 0.3207173214415353, 0.3202282537671981, 0.3194845260589363, 0.3189033724536821, 0.31831535141662554, 0.3178329010384721, 0.317430073829458, 0.31701756058328795, 0.316610633709993, 0.3162912298186074, 0.31608475528436053, 0.31568650630793876, 0.31542246319727274, 0.3151672446028461, 0.31498935512941734, 0.3148064828853217, 0.314617183974704, 0.31444633542715816, 0.3143158079525511, 0.3141899081941735, 0.31408121531661226, 0.31397477381222527, 0.313887974566205, 0.3138234590014056, 0.31374488939524897, 0.313678010916366, 0.31362005420347955, 0.31356770625764835, 0.31353594275405294, 0.3134947371370282, 0.3134646033850564, 0.3134394853483664, 0.31341233773116034, 0.31338912708418787, 0.3133724471540317, 0.313353585264086, 0.3133400888360331, 0.31332852874701206, 0.31331853215154887, 0.3133091348205634, 0.31330194879752604, 0.31329522230801254, 0.31328989040544963, 0.31328509267830595, 0.3132824780319045, 0.3132776811258497, 0.31327507750729017, 0.31327272184825633, 0.3132708836191976, 0.31326899656126805, 0.3132678865790508, 0.31326664541103666, 0.3132656494659769, 0.31326494866145327, 0.31326430644619446, 0.31326380439287366, 0.31326339650722035, 0.3132630526917504, 0.3132627888798329, 0.31326253895734285, 0.31326238826026637, 0.313262231386624, 0.3132621115558688, 0.313262018696699, 0.3132619474476921, 0.313261891755961, 0.31326184614128094, 0.3132618078618092, 0.31326178259071574, 0.3132617591422052, 0.31326174245221844, 0.3132617297576252, 0.3132617200119025, 0.3132617117747354, 0.3132617057785994, 0.3132617013104835, 0.313261697561585, 0.31326169502614115, 0.3132616931955905, 0.31326169161258016, 0.31326169071450427, 0.3132616897582188, 0.3132616891422934, 0.3132616887317436, 0.3132616884065571, 0.31326168822367445, 0.31326168802706894, 0.3132616878978336, 0.31326168780060376, 0.3132616877129943, 0.3132616876516658, 0.31326168761568957, 0.31326168759284934, 0.31326168757092965, 0.31326168755543216, 0.3132616875443132, 0.3132616875372969, 0.3132616875307117, 0.3132616875266087, 0.3132616875243109, 0.31326168752246597, 0.31326168752119027, 0.313261687520243, 0.3132616875196142, 0.3132616875190985, 0.3132616875188268, 0.31326168751861555, 0.3132616875184889, 0.3132616875184003, 0.3132616875183389, 0.3132616875183029, 0.31326168751827316, 0.3132616875182558, 0.3132616875182435, 0.31326168751823574, 0.31326168751823136, 0.31326168751822814, 0.313261687518226, 0.3132616875182248, 0.3132616875182242, 0.31326168751822364, 0.3132616875182234, 0.3132616875182232, 0.313261687518223, 0.31326168751822286, 0.3132616875182228, 0.3132616875182228, 0.3132616875182228, 0.3132616875182228, 0.3132616875182228, 0.3132616875182228, 0.31326168751822275, 0.31326168751822275], "val_accuracy": [0.5692307692307692, 0.6073846153846154, 0.6369230769230769, 0.6750769230769231, 0.704, 0.7366153846153846, 0.7630769230769231, 0.788923076923077, 0.8147692307692308, 0.8338461538461538, 0.8498461538461538, 0.8664615384615385, 0.8806153846153846, 0.8947692307692308, 0.9058461538461539, 0.9138461538461539, 0.92, 0.924923076923077, 0.932923076923077, 0.9378461538461539, 0.9452307692307692, 0.9495384615384616, 0.9538461538461539, 0.9556923076923077, 0.9593846153846154, 0.9612307692307692, 0.9649230769230769, 0.9649230769230769, 0.9661538461538461, 0.9692307692307692, 0.9716923076923077, 0.9729230769230769, 0.9753846153846154, 0.9778461538461538, 0.9815384615384616, 0.9833846153846154, 0.9870769230769231, 0.9870769230769231, 0.9876923076923076, 0.9895384615384616, 0.9901538461538462, 0.992, 0.9932307692307693, 0.9932307692307693, 0.9938461538461538, 0.9938461538461538, 0.9938461538461538, 0.9944615384615385, 0.9950769230769231, 0.9956923076923077, 0.9963076923076923, 0.9969230769230769, 0.9969230769230769, 0.9981538461538462, 0.9981538461538462, 0.9987692307692307, 0.9987692307692307, 0.9987692307692307, 0.9987692307692307, 0.9987692307692307, 0.9987692307692307, 0.9987692307692307, 0.9993846153846154, 0.9993846153846154, 1.0, 1.0, 1.0, 1.0, 1.0, 1.0, 1.0, 1.0, 1.0, 1.0, 1.0, 1.0, 1.0, 1.0, 1.0, 1.0, 1.0, 1.0, 1.0, 1.0, 1.0, 1.0, 1.0, 1.0, 1.0, 1.0, 1.0, 1.0, 1.0, 1.0, 1.0, 1.0, 1.0, 1.0, 1.0, 1.0, 1.0, 1.0, 1.0, 1.0, 1.0, 1.0, 1.0, 1.0, 1.0, 1.0, 1.0, 1.0, 1.0, 1.0, 1.0, 1.0, 1.0, 1.0, 1.0, 1.0, 1.0, 1.0, 1.0, 1.0, 1.0, 1.0, 1.0, 1.0, 1.0, 1.0, 1.0, 1.0, 1.0, 1.0, 1.0, 1.0, 1.0, 1.0, 1.0, 1.0, 1.0, 1.0, 1.0, 1.0, 1.0, 1.0, 1.0, 1.0, 1.0, 1.0, 1.0, 1.0, 1.0, 1.0, 1.0, 1.0, 1.0, 1.0, 1.0, 1.0, 1.0, 1.0, 1.0, 1.0, 1.0, 1.0, 1.0, 1.0, 1.0, 1.0, 1.0, 1.0, 1.0, 1.0, 1.0, 1.0, 1.0, 1.0, 1.0, 1.0, 1.0, 1.0, 1.0, 1.0, 1.0, 1.0, 1.0, 1.0, 1.0, 1.0, 1.0, 1.0, 1.0, 1.0, 1.0, 1.0, 1.0, 1.0, 1.0, 1.0],