{"seed": 1, "run_name": "tbl1_madgrad_scaled__madgrad_linear-classifier_mushrooms__config_name-basic__batch_size-256__n_epoches_train-200__dtype-float32__scale__no_bias__n_epoches_tune-5__tune_runs-30__save_curves", "train_loss": [0.7482232062647856, 0.7419475379674776, 0.7389389819287434, 0.7354435297135373, 0.7327653869760323, 0.7248672245224411, 0.7256455928324056, 0.718809854605168, 0.7158384831771738, 0.7072318216847412, 0.7053299435382663, 0.6953070634261532, 0.681544567559153, 0.6759284401184029, 0.6597890321634273, 0.6504652514266891, 0.638279803686291, 0.6312759312312343, 0.6203976499308156, 0.6088935385539898, 0.6029363090710763, 0.5955343543373877, 0.5870182282139037, 0.5799879044321744, 0.5659058662839931, 0.5535376398588399, 0.541152937693593, 0.5261430201600185, 0.5101050843842451, 0.49787885199809645, 0.4862951347493076, 0.4762898075265751, 0.4678192479268172, 0.4624532886605104, 0.458719596772568, 0.4526480289396885, 0.45179451972785856, 0.4445772794966385, 0.44344963645019286, 0.4405204473101146, 0.43776816589973, 0.43570500883873187, 0.4336369380616001, 0.4323375900021761, 0.43181154027006086, 0.4265041179435308, 0.42570703904850626, 0.4265687352767393, 0.4249775238409595, 0.4223965914019408, 0.421684840388666, 0.4196522940494019, 0.4195389088862118, 0.418573071427697, 0.4168571008996486, 0.41672653977698343, 0.4151806828511027, 0.41536974811558947, 0.41358212838532477, 0.4139654002371965, 0.4149642208924137, 0.41093261106952483, 0.4119163462950331, 0.41089816635410686, 0.41231315781039024, 0.4116160357177602, 0.4092899272334832, 0.4097821704456926, 0.4077567612003779, 0.4108266619734539, 0.40728608419300605, 0.4067104832738408, 0.408424577565975, 0.40868669449373857, 0.4064884876853317, 0.40615858742388794, 0.40693934765700335, 0.40425770961101426, 0.40526009017404385, 0.4031007567106162, 0.4035282317252794, 0.4039412349435923, 0.40307923292637254, 0.40319535284047586, 0.4025976206344367, 0.4030149250282765, 0.4032402152613572, 0.40428470571719427, 0.40200865042068334, 0.40264474205172834, 0.4019362761431906, 0.39990241285830486, 0.40331241997430545, 0.4023505645270518, 0.40498854476640056, 0.40125599140974183, 0.4008644486834877, 0.4014497984559474, 0.39785234235592254, 0.39878473813981885, 0.39972823427324417, 0.39914724516356614, 0.39706961905144467, 0.39976718767135233, 0.3982860962478691, 0.3986355181115054, 0.401385290856544, 0.3978142614615325, 0.3976897476858277, 0.39696188420489464, 0.3979760803116205, 0.39761098006863826, 0.3972660563796845, 0.3977670911824911, 0.3954435364979957, 0.39551288290847036, 0.3956407136858478, 0.39837299988449254, 0.39678049492047807, 0.3956556789479118, 0.3965946250125322, 0.3979487025934484, 0.3952937207807421, 0.3961002309250006, 0.3953721400423111, 0.39488854326693773, 0.3957339021108549, 0.39345652791523106, 0.39495995763100683, 0.3935135943725829, 0.3943977791541073, 0.3943509713489478, 0.3959744136907219, 0.3943558157241669, 0.39385104052587516, 0.3917485857460072, 0.39554896560179026, 0.3937037449961805, 0.3919783309474677, 0.39178078115167536, 0.3918387943458246, 0.39184646275628826, 0.3905761205935197, 0.39338671023991223, 0.3920406789833374, 0.39143323305870364, 0.3915940953785221, 0.3913800732107457, 0.3922366339830084, 0.3938685701880278, 0.38957066606491375, 0.3907183832913355, 0.38990895745545806, 0.3897384435835784, 0.3907187000853436, 0.3931511107185223, 0.3905717680557607, 0.3909041920395154, 0.38926065636040563, 0.38913943590031624, 0.38937238220647, 0.3910957003599226, 0.39088666507166503, 0.38878891668374804, 0.3919256585744696, 0.3874736052435988, 0.38880883503878255, 0.3876623866704956, 0.3886673119089745, 0.38727237329295994, 0.3872150099682355, 0.3871190463150434, 0.38694373240071916, 0.3876564284095488, 0.3863801228110116, 0.3870847493289464, 0.3861891648901236, 0.38647976897038583, 0.387348438804823, 0.38648686561008594, 0.3870537590997796, 0.3883756255231721, 0.3872934301256472, 0.38578231902965676, 0.3851961846870155, 0.3854470792316969, 0.3866513481327883, 0.387548598837321, 0.3846947804560789, 0.3838306585157781, 0.38430338579978124, 0.3839532773265213, 0.38559315538060973, 0.38561334545945153, 0.38276062148203177, 0.3849414265430059, 0.3840944804308892, 0.38360927447125187, 0.38586660677538726, 0.3833737834862475], "val_accuracy": [0.564923076923077, 0.5655384615384615, 0.5716923076923077, 0.576, 0.5809230769230769, 0.587076923076923, 0.5895384615384616, 0.592, 0.5969230769230769, 0.6012307692307692, 0.6098461538461538, 0.6172307692307692, 0.6252307692307693, 0.6393846153846154, 0.6590769230769231, 0.6670769230769231, 0.688, 0.7101538461538461, 0.7206153846153847, 0.7261538461538461, 0.7273846153846154, 0.7298461538461538, 0.7286153846153847, 0.7323076923076923, 0.7378461538461538, 0.7489230769230769, 0.7655384615384615, 0.7821538461538462, 0.8098461538461539, 0.8449230769230769, 0.8578461538461538, 0.872, 0.8787692307692307, 0.8904615384615384, 0.8941538461538462, 0.9046153846153846, 0.908923076923077, 0.9113846153846153, 0.9113846153846153, 0.9132307692307692, 0.9144615384615384, 0.9156923076923077, 0.92, 0.9236923076923077, 0.9255384615384615, 0.9261538461538461, 0.9273846153846154, 0.9286153846153846, 0.9304615384615385, 0.9323076923076923, 0.932923076923077, 0.9335384615384615, 0.9341538461538461, 0.9341538461538461, 0.9341538461538461, 0.9341538461538461, 0.9341538461538461, 0.9347692307692308, 0.9347692307692308, 0.9347692307692308, 0.9347692307692308, 0.9353846153846154, 0.9353846153846154, 0.9353846153846154, 0.9353846153846154, 0.9353846153846154, 0.9353846153846154, 0.936, 0.936, 0.9366153846153846, 0.9366153846153846, 0.9366153846153846, 0.9366153846153846, 0.9366153846153846, 0.936, 0.936, 0.936, 0.936, 0.936, 0.936, 0.936, 0.936, 0.936, 0.936, 0.936, 0.936, 0.936, 0.936, 0.936, 0.9353846153846154, 0.9353846153846154, 0.9353846153846154, 0.9353846153846154, 0.9353846153846154, 0.9353846153846154, 0.936, 0.936, 0.936, 0.936, 0.936, 0.936, 0.936, 0.936, 0.936, 0.9353846153846154, 0.9353846153846154, 0.9353846153846154, 0.9353846153846154, 0.9353846153846154, 0.9353846153846154, 0.9353846153846154, 0.9353846153846154, 0.9353846153846154, 0.9353846153846154, 0.9353846153846154, 0.9353846153846154, 0.9353846153846154, 0.9353846153846154, 0.9353846153846154, 0.9353846153846154, 0.9353846153846154, 0.9353846153846154, 0.9353846153846154, 0.9353846153846154, 0.9353846153846154, 0.9353846153846154, 0.9353846153846154, 0.9353846153846154, 0.9353846153846154, 0.9353846153846154, 0.9353846153846154, 0.9353846153846154, 0.9353846153846154, 0.9353846153846154, 0.9353846153846154, 0.9353846153846154, 0.9353846153846154, 0.9353846153846154, 0.9353846153846154, 0.9353846153846154, 0.9353846153846154, 0.936, 0.9353846153846154, 0.936, 0.936, 0.9366153846153846, 0.9366153846153846, 0.9366153846153846, 0.9366153846153846, 0.9372307692307692, 0.9384615384615385, 0.9372307692307692, 0.9372307692307692, 0.9372307692307692, 0.9372307692307692, 0.9378461538461539, 0.9378461538461539, 0.9378461538461539, 0.9384615384615385, 0.9384615384615385, 0.9384615384615385, 0.9384615384615385, 0.9384615384615385, 0.9384615384615385, 0.9384615384615385, 0.9384615384615385, 0.9384615384615385, 0.9384615384615385, 0.9384615384615385, 0.9384615384615385, 0.9384615384615385, 0.9384615384615385, 0.9384615384615385, 0.9384615384615385, 0.9384615384615385, 0.9396923076923077, 0.9396923076923077, 0.9396923076923077, 0.9396923076923077, 0.9403076923076923, 0.940923076923077, 0.940923076923077, 0.940923076923077, 0.940923076923077, 0.940923076923077, 0.940923076923077, 0.940923076923077, 0.940923076923077, 0.940923076923077, 0.940923076923077, 0.9415384615384615, 0.9421538461538461, 0.9421538461538461, 0.9421538461538461, 0.9421538461538461, 0.9427692307692308, 0.9427692307692308, 0.9427692307692308, 0.9427692307692308, 0.9427692307692308],