{"seed": 0, "run_name": "tbl1_signsgd_orig__signsgd_linear-classifier_mushrooms__config_name-basic__batch_size-256__n_epoches_train-200__dtype-float32__no_bias__n_epoches_tune-5__tune_runs-30__save_curves", "train_loss": [0.7130205813058157, 0.6941218684010252, 0.6741125260656513, 0.6566358858410816, 0.6390694239345407, 0.6247148692440703, 0.6100244802691006, 0.5966980878949574, 0.5836100032874968, 0.5703907579929693, 0.5598558885074219, 0.5509826324261633, 0.5399340556905414, 0.5296622088947748, 0.5190323910109096, 0.5113323939116288, 0.5027924377552173, 0.49472901465087843, 0.48490118106319696, 0.4787589747317109, 0.47291978324023676, 0.4623286414846789, 0.4568768096618597, 0.45159776759796816, 0.4442112526199813, 0.43840492991662944, 0.43413344071354254, 0.42823104360326647, 0.4220452450750759, 0.4190421941029202, 0.4142090035257368, 0.4098815828016498, 0.40518332648361793, 0.40116003925275284, 0.39651834640380734, 0.39460822232793724, 0.3902166317208057, 0.3885047354639603, 0.38492969057852233, 0.38089433670945183, 0.37686532825585906, 0.3744850608897082, 0.37270541242747585, 0.3694548582527977, 0.3665857882184306, 0.3635411578248878, 0.36133330798192526, 0.359249837577281, 0.35755297859762797, 0.3553968692204041, 0.35311313459758115, 0.35070596903531415, 0.3493583718837349, 0.34786694488286546, 0.34678133272313855, 0.3448947473710291, 0.34331636677218286, 0.342613432197877, 0.34156100573651216, 0.34040805636382676, 0.3389600398555908, 0.33861586468519145, 0.33714923050634427, 0.336595725882749, 0.33643537338465335, 0.33490438775386683, 0.3358756382823535, 0.3335589743608935, 0.333757990998778, 0.332318086800638, 0.33219786058986744, 0.33193403531481985, 0.331276512870825, 0.3300016036942895, 0.3299922313046473, 0.3298065546064556, 0.32883556013278264, 0.32779548740484404, 0.328376442967603, 0.3266478995443249, 0.3262999734800553, 0.32582895028531494, 0.3251724876041391, 0.3246143217810991, 0.32443921746751453, 0.3237438276844661, 0.32300996102297247, 0.3228905812315796, 0.3221060348611929, 0.3225451869879471, 0.3212656796165986, 0.3210807159257784, 0.32061340921868214, 0.3203073647547611, 0.32068506987755013, 0.32001748391384865, 0.3193905354982139, 0.31912681767850964, 0.318807638183333, 0.3185610115158994, 0.31853540481657133, 0.3182331650183239, 0.31791238611553346, 0.3177431711080263, 0.3176015795272235, 0.31735563821917145, 0.3172248265175431, 0.31706198278135217, 0.31681968212353234, 0.31673657463858246, 0.3165258232520087, 0.31639294561704934, 0.316520927515334, 0.31620121374244764, 0.31612177193575336, 0.3159033291976475, 0.3158913372950288, 0.3157284286263538, 0.3156268527349104, 0.3155687837374986, 0.31538857154343064, 0.3153218225966842, 0.31544098569830764, 0.3151728063225117, 0.31506657834843, 0.3150404126660565, 0.31491978828994804, 0.31483949374376413, 0.3147534626854571, 0.3148254912044132, 0.31471866494200895, 0.31462504629948634, 0.3145389821041192, 0.3144894389717111, 0.3144544831933678, 0.3143836238638174, 0.3143489268598486, 0.31429623825999053, 0.3142412705924893, 0.3142434501530315, 0.3141692906016164, 0.31410874437629116, 0.31408574280525964, 0.31406645678904793, 0.31399985909431366, 0.3139948770039961, 0.3139592219839241, 0.31392489508335264, 0.3139498469228311, 0.31388808296456916, 0.3138239605070408, 0.3137997332851884, 0.3138025434574862, 0.31377261646393934, 0.3137345171882848, 0.3137463015638074, 0.31369671670883476, 0.3136817764851923, 0.31365706913271585, 0.31364467209083097, 0.313630031458974, 0.3136093360742321, 0.3135942690184563, 0.31357846380827137, 0.3135722603317693, 0.3135502328280082, 0.31353649352228974, 0.3135253452053649, 0.31351420572470146, 0.3135051662375772, 0.3134862049555746, 0.3134792376100638, 0.3134768886340483, 0.3134584067358272, 0.31345083778418825, 0.3134466736436326, 0.3134435173055973, 0.31342672485432405, 0.3134194719726217, 0.3134154091279995, 0.31340916876811636, 0.3134078173446167, 0.31339536763166714, 0.3133918111303413, 0.3133904035255119, 0.3133799306719715, 0.31337399186011355, 0.31337031025737083, 0.3133661636765374, 0.31336249823447754, 0.3133572849147024, 0.31335398520249386, 0.31335185160926626, 0.31334967269102354, 0.31334633889497016, 0.31334911622195766, 0.3133411052656371, 0.3133354862144993, 0.313340781866635, 0.3133305017833983], "val_accuracy": [0.488, 0.5304615384615384, 0.5852307692307692, 0.6356923076923077, 0.6806153846153846, 0.7236923076923077, 0.7581538461538462, 0.7870769230769231, 0.8098461538461539, 0.827076923076923, 0.8486153846153847, 0.8609230769230769, 0.8695384615384616, 0.8775384615384615, 0.8836923076923077, 0.8904615384615384, 0.896, 0.8990769230769231, 0.9070769230769231, 0.908923076923077, 0.9113846153846153, 0.9132307692307692, 0.9144615384615384, 0.9150769230769231, 0.9187692307692308, 0.9218461538461539, 0.9236923076923077, 0.9236923076923077, 0.924923076923077, 0.9286153846153846, 0.9298461538461539, 0.9304615384615385, 0.932923076923077, 0.9341538461538461, 0.9341538461538461, 0.9353846153846154, 0.936, 0.9384615384615385, 0.9396923076923077, 0.9427692307692308, 0.9446153846153846, 0.9476923076923077, 0.9556923076923077, 0.9612307692307692, 0.9636923076923077, 0.9667692307692307, 0.9723076923076923, 0.9735384615384616, 0.9772307692307692, 0.9796923076923076, 0.9796923076923076, 0.9809230769230769, 0.9809230769230769, 0.9815384615384616, 0.9821538461538462, 0.9815384615384616, 0.9815384615384616, 0.9821538461538462, 0.9821538461538462, 0.9821538461538462, 0.9821538461538462, 0.9821538461538462, 0.9833846153846154, 0.9833846153846154, 0.9833846153846154, 0.9846153846153847, 0.9846153846153847, 0.9852307692307692, 0.9864615384615385, 0.9864615384615385, 0.9870769230769231, 0.9870769230769231, 0.9870769230769231, 0.9876923076923076, 0.9883076923076923, 0.9883076923076923, 0.9889230769230769, 0.9895384615384616, 0.9901538461538462, 0.9913846153846154, 0.9913846153846154, 0.9926153846153846, 0.9932307692307693, 0.9938461538461538, 0.9956923076923077, 0.9950769230769231, 0.9956923076923077, 0.9963076923076923, 0.9969230769230769, 0.9969230769230769, 0.9975384615384615, 0.9981538461538462, 0.9981538461538462, 0.9981538461538462, 0.9981538461538462, 0.9987692307692307, 0.9987692307692307, 0.9987692307692307, 0.9987692307692307, 0.9993846153846154, 0.9993846153846154, 0.9987692307692307, 0.9993846153846154, 0.9993846153846154, 0.9993846153846154, 0.9993846153846154, 0.9993846153846154, 0.9993846153846154, 0.9993846153846154, 0.9993846153846154, 0.9993846153846154, 1.0, 0.9993846153846154, 1.0, 1.0, 1.0, 1.0, 1.0, 1.0, 1.0, 1.0, 1.0, 1.0, 1.0, 1.0, 1.0, 1.0, 1.0, 1.0, 1.0, 1.0, 1.0, 1.0, 1.0, 1.0, 1.0, 1.0, 1.0, 1.0, 1.0, 1.0, 1.0, 1.0, 1.0, 1.0, 1.0, 1.0, 1.0, 1.0, 1.0, 1.0, 1.0, 1.0, 1.0, 1.0, 1.0, 1.0, 1.0, 1.0, 1.0, 1.0, 1.0, 1.0, 1.0, 1.0, 1.0, 1.0, 1.0, 1.0, 1.0, 1.0, 1.0, 1.0, 1.0, 1.0, 1.0, 1.0, 1.0, 1.0, 1.0, 1.0, 1.0, 1.0, 1.0, 1.0, 1.0, 1.0, 1.0, 1.0, 1.0, 1.0, 1.0, 1.0, 1.0, 1.0, 1.0, 1.0, 1.0, 1.0, 1.0],