{"seed": 0, "run_name": "tbl1_signsgd_scaled__signsgd_linear-classifier_mushrooms__config_name-basic__batch_size-256__n_epoches_train-200__dtype-float32__scale__no_bias__n_epoches_tune-5__tune_runs-30__save_curves", "train_loss": [0.6564093494010869, 0.628223404545357, 0.6052647897596362, 0.5921205930451121, 0.5816453841204609, 0.5774181436752772, 0.570702590381406, 0.5676751838989063, 0.5649469982155785, 0.5594349919728107, 0.5533252078669716, 0.551401341194558, 0.5439468921603832, 0.5372315430659779, 0.5312573243222339, 0.5249965234760089, 0.5182427890752379, 0.5090317781489196, 0.500323793462933, 0.4911113532298538, 0.48248618076957944, 0.4661585794088979, 0.45728819603346155, 0.44410209525887995, 0.42949515257846366, 0.42117460556188246, 0.41155411014444054, 0.4031170988872932, 0.3951801724957299, 0.3894918169921504, 0.38702709732399404, 0.3802597197822596, 0.37481307210478304, 0.370519880262938, 0.36572527064935206, 0.3608468156624949, 0.35662546696605196, 0.35287866527973477, 0.34854297239898313, 0.34518777088567887, 0.3415861663520504, 0.3394071362315968, 0.33874986837702503, 0.3369813158219839, 0.3348070903487867, 0.33401425266163776, 0.33346428377607684, 0.3325881838937771, 0.3324614762955186, 0.3311828463885895, 0.3298226471117739, 0.3292623503591356, 0.32934794367424103, 0.3290166969225183, 0.32868678088739073, 0.32789485007545766, 0.3273788044192734, 0.3277142927956594, 0.3274444937052082, 0.326834966616174, 0.32653320196388214, 0.32683802966286185, 0.3261459771174756, 0.3258997356914172, 0.32624996526168387, 0.32550481798709635, 0.3265951617913661, 0.32521933174236833, 0.32569536830889684, 0.32491491138080003, 0.324798191894495, 0.32545248346634215, 0.3252983689845, 0.3248036733139276, 0.32498004840684586, 0.3255276574514285, 0.324206742357301, 0.324305203086503, 0.32525180775037354, 0.3239503096206818, 0.324468360629586, 0.32440105647558676, 0.32397223246241263, 0.32363494235747214, 0.32419234304590955, 0.3235100517601766, 0.32348288706071, 0.324649737475239, 0.32336904656666554, 0.3239856669457834, 0.32324586008467276, 0.32383287964349355, 0.3231773573575378, 0.3243562423572978, 0.3237143527725318, 0.3242796110149921, 0.3230092657942685, 0.3229930993093095, 0.3229361441763777, 0.32352635596568347, 0.3228683490571364, 0.3228616546324405, 0.32282395149415033, 0.3228147971759615, 0.32347166989144244, 0.3227767586536326, 0.3227512925874659, 0.32271722815843773, 0.3226873671679329, 0.3232950686897215, 0.32264724774315423, 0.32268466552109504, 0.3226242457841568, 0.32263463862582925, 0.32260237624797056, 0.3225738763098358, 0.32319613168594385, 0.32258375648099635, 0.32254064045647957, 0.32252535723871906, 0.32251767619752497, 0.3231248550575851, 0.32313881577058845, 0.3237259539798529, 0.32247706511467716, 0.3230890540451219, 0.3224569883520156, 0.32307012495139104, 0.32244314874120045, 0.32305552636908064, 0.323055633057882, 0.32241347744723514, 0.32241210716317387, 0.3224016199446628, 0.32301968976183554, 0.3223928500514906, 0.3230125324376217, 0.32238386432765476, 0.3229956935798795, 0.32299100544096754, 0.32361733588761354, 0.32236275872660675, 0.32236096745840237, 0.32297503271346273, 0.32234965728249815, 0.32235054315799283, 0.3242087877787134, 0.3223434321858519, 0.32295455836352305, 0.32295504232805233, 0.32233022377321346, 0.3223319837600921, 0.32233130954327643, 0.32232434322035736, 0.3235608502204354, 0.3235610598595825, 0.32293700055547886, 0.3223134084047557, 0.3223157019149703, 0.3229520508621407, 0.32292686669326265, 0.32355226807126536, 0.322308290981584, 0.3223037430655, 0.32230482147364825, 0.32292140317331286, 0.32292051633614727, 0.3235411455708003, 0.3222973320785281, 0.32229592693508896, 0.32291578090732165, 0.32291560601893715, 0.32415411627857865, 0.32229330992988714, 0.3222913839958873, 0.3222904246183516, 0.32663495451623115, 0.3222901453521962, 0.3222883107780975, 0.3229086065506811, 0.32228801086536973, 0.3229087088207217, 0.3222855726744095, 0.3229066845680416, 0.3222853860093479, 0.32228484191322976, 0.3222839177349102, 0.3222838358661551, 0.32290455383191313, 0.322283113810353, 0.32228326867789675, 0.32290278250350507, 0.3229044916760605, 0.32228248540790344, 0.3222820529827354, 0.3229037323689975, 0.32228731600749155, 0.3222818557774803, 0.32290150298203246, 0.3229019930851674], "val_accuracy": [0.7015384615384616, 0.7218461538461538, 0.7476923076923077, 0.7513846153846154, 0.752, 0.752, 0.752, 0.7538461538461538, 0.7563076923076923, 0.7593846153846154, 0.7612307692307693, 0.7636923076923077, 0.7649230769230769, 0.7716923076923077, 0.7803076923076923, 0.7870769230769231, 0.7932307692307692, 0.7993846153846154, 0.8024615384615384, 0.811076923076923, 0.8141538461538461, 0.8289230769230769, 0.8436923076923077, 0.8627692307692307, 0.8793846153846154, 0.9009230769230769, 0.9132307692307692, 0.9206153846153846, 0.9230769230769231, 0.9255384615384615, 0.9273846153846154, 0.931076923076923, 0.9366153846153846, 0.9415384615384615, 0.9483076923076923, 0.9538461538461539, 0.96, 0.9661538461538461, 0.9704615384615385, 0.976, 0.9790769230769231, 0.9803076923076923, 0.9790769230769231, 0.9790769230769231, 0.9790769230769231, 0.9790769230769231, 0.9790769230769231, 0.9796923076923076, 0.9796923076923076, 0.9809230769230769, 0.9827692307692307, 0.9827692307692307, 0.9833846153846154, 0.984, 0.9846153846153847, 0.9846153846153847, 0.9852307692307692, 0.9858461538461538, 0.9870769230769231, 0.9876923076923076, 0.9876923076923076, 0.9870769230769231, 0.9876923076923076, 0.9883076923076923, 0.9883076923076923, 0.9883076923076923, 0.9883076923076923, 0.9883076923076923, 0.9883076923076923, 0.9883076923076923, 0.9883076923076923, 0.9883076923076923, 0.9889230769230769, 0.9889230769230769, 0.9895384615384616, 0.9901538461538462, 0.9901538461538462, 0.9889230769230769, 0.9901538461538462, 0.9901538461538462, 0.9901538461538462, 0.9901538461538462, 0.9901538461538462, 0.9907692307692307, 0.9907692307692307, 0.9907692307692307, 0.9907692307692307, 0.9913846153846154, 0.9913846153846154, 0.9913846153846154, 0.9913846153846154, 0.9913846153846154, 0.9913846153846154, 0.9913846153846154, 0.9913846153846154, 0.9913846153846154, 0.9913846153846154, 0.992, 0.992, 0.992, 0.9913846153846154, 0.992, 0.992, 0.992, 0.992, 0.992, 0.992, 0.992, 0.992, 0.992, 0.992, 0.992, 0.992, 0.992, 0.992, 0.992, 0.992, 0.992, 0.992, 0.992, 0.992, 0.992, 0.992, 0.992, 0.992, 0.992, 0.992, 0.992, 0.992, 0.992, 0.992, 0.992, 0.992, 0.992, 0.992, 0.992, 0.992, 0.992, 0.992, 0.992, 0.992, 0.992, 0.992, 0.992, 0.992, 0.992, 0.992, 0.992, 0.992, 0.992, 0.992, 0.992, 0.992, 0.992, 0.992, 0.992, 0.992, 0.992, 0.992, 0.992, 0.992, 0.992, 0.992, 0.992, 0.992, 0.992, 0.992, 0.992, 0.992, 0.992, 0.992, 0.992, 0.992, 0.992, 0.992, 0.992, 0.992, 0.992, 0.992, 0.992, 0.992, 0.992, 0.992, 0.992, 0.992, 0.992, 0.992, 0.992, 0.992, 0.992, 0.992, 0.992, 0.992, 0.992, 0.992, 0.992, 0.992, 0.992, 0.992, 0.992],