{"seed": 1, "run_name": "tbl1_signsgd_scaled__signsgd_linear-classifier_mushrooms__config_name-basic__batch_size-256__n_epoches_train-200__dtype-float32__scale__no_bias__n_epoches_tune-5__tune_runs-30__save_curves", "train_loss": [0.7454792991576208, 0.733396182443456, 0.7233091036304893, 0.7120305676058749, 0.6993249051937994, 0.6807727998560121, 0.6682101904414196, 0.6471242646053775, 0.6296581006118133, 0.6094048815384696, 0.5892328727806702, 0.5689160084568274, 0.5444914485850031, 0.5218088979497503, 0.4936513760147134, 0.47428042761751144, 0.45135546365989265, 0.43657357636824184, 0.42321681409003814, 0.4150012305008399, 0.4080204426207353, 0.4017700188591677, 0.39904269099748724, 0.39599454558227337, 0.3935349197143343, 0.39228557447952506, 0.3889917904529961, 0.3881509424725107, 0.3865468334128305, 0.38512360448986305, 0.38420460164203457, 0.3816485927210792, 0.37998081442520854, 0.37843964223603854, 0.3781328524446671, 0.3767405228537229, 0.37824329379079236, 0.37361029233144255, 0.37368239917561674, 0.37256074981652454, 0.3710831610068129, 0.37022182957957717, 0.369125300141354, 0.3689197741354751, 0.3690673349343131, 0.36576767864058857, 0.36533494672890177, 0.36566186033237474, 0.3648045150509582, 0.3621894783853126, 0.361194208936693, 0.35983261992249177, 0.35845320712795553, 0.35636847643441666, 0.354525350508413, 0.3535360542527126, 0.3519612789236097, 0.35136063664020695, 0.34955167296997774, 0.34814788832606125, 0.3470107997389032, 0.3449360926078438, 0.3440357191941353, 0.3426161681692398, 0.34226921765595736, 0.3404986067472854, 0.3389530051659974, 0.33887815132287, 0.33685345414860074, 0.3362836059545912, 0.3356796193028765, 0.33418949106290513, 0.33329119778058086, 0.33294575849075725, 0.3316370434065061, 0.33133755692376526, 0.3304156549250676, 0.3294103914153411, 0.32897568777504693, 0.3280864090125479, 0.3276129947805353, 0.3268186291150476, 0.3263146510463, 0.32569442278498034, 0.3254206278195763, 0.3250824180540219, 0.3242746746712243, 0.3239233930143068, 0.32333910744351774, 0.3231297053430591, 0.3228808354415625, 0.3222209283330851, 0.32196409629325234, 0.3215500661629315, 0.32148420629901403, 0.3210010223268217, 0.3207346349399266, 0.3204985780421272, 0.3201661028227701, 0.3200706528123951, 0.3202722723394464, 0.31946609119789476, 0.31928939294558917, 0.31912211066720486, 0.3188664624842221, 0.31862173400924637, 0.31860879530896313, 0.31833255525991744, 0.3181199707876237, 0.31813764571008213, 0.3177927094089699, 0.31772502658074453, 0.31760018351159475, 0.31809994118066565, 0.31732583671068426, 0.31714503828374746, 0.31708579899165984, 0.31703713751151036, 0.3168527936100344, 0.31672800912297483, 0.31666110032851963, 0.31657564472878197, 0.3164619526549614, 0.3163600017824309, 0.31630799148838307, 0.31628544258934377, 0.3168180829242135, 0.3161066859929311, 0.31598390190464587, 0.31596695477928594, 0.31586965129557726, 0.3158389882319936, 0.31575599438341656, 0.3157237329996489, 0.31571804089828226, 0.31556322334042824, 0.31556386524014113, 0.31550950311220916, 0.31542352819911784, 0.31540058076744426, 0.3153535069915169, 0.315333798001094, 0.3152550624519194, 0.31517480291602773, 0.31511820049278727, 0.31506848980861846, 0.31558755676236794, 0.3149629890782484, 0.3148524856359492, 0.3148084435286785, 0.31476217449463145, 0.3146979557625278, 0.3146053390548165, 0.3145138945341086, 0.314507474365384, 0.31440944899315, 0.31434204990621095, 0.3142820502958438, 0.31425127207278236, 0.31418348847646527, 0.3141028884518989, 0.31411101877623554, 0.31404182408600534, 0.3139881579528246, 0.31395167653919653, 0.31393565303154114, 0.31389765022709104, 0.313852429225655, 0.31382387814297524, 0.3137849008056925, 0.31376479806162594, 0.31375960294081845, 0.31371222245746383, 0.31370505661081266, 0.31368141169305974, 0.3136706212406198, 0.31363814220661934, 0.31362174203689547, 0.31361648863502156, 0.3135934294589961, 0.31357832780232164, 0.3135594472780809, 0.31355586725632245, 0.31353505174267643, 0.31352096671983154, 0.31350876079640355, 0.3135016509222532, 0.31350055080511724, 0.3134802368163673, 0.3134700103839416, 0.3134561764289416, 0.313452581713209, 0.3134374014816962, 0.3134385870377706, 0.3134330052336797, 0.3134157955385501, 0.3134203751365962, 0.31340510124777166, 0.3133961957538366, 0.3133866977362409], "val_accuracy": [0.5673846153846154, 0.5803076923076923, 0.592, 0.6024615384615385, 0.6227692307692307, 0.6326153846153846, 0.6572307692307693, 0.6738461538461539, 0.7015384615384616, 0.7298461538461538, 0.7409230769230769, 0.7501538461538462, 0.7661538461538462, 0.7981538461538461, 0.8264615384615385, 0.8756923076923077, 0.9015384615384615, 0.9156923076923077, 0.932923076923077, 0.9335384615384615, 0.9347692307692308, 0.9353846153846154, 0.936, 0.936, 0.9378461538461539, 0.9396923076923077, 0.9415384615384615, 0.9421538461538461, 0.9427692307692308, 0.944, 0.9452307692307692, 0.9458461538461539, 0.9489230769230769, 0.9495384615384616, 0.9507692307692308, 0.9538461538461539, 0.955076923076923, 0.9581538461538461, 0.9587692307692308, 0.9587692307692308, 0.9593846153846154, 0.9593846153846154, 0.96, 0.9606153846153846, 0.9612307692307692, 0.9624615384615385, 0.9624615384615385, 0.9624615384615385, 0.9624615384615385, 0.9624615384615385, 0.9636923076923077, 0.9643076923076923, 0.9667692307692307, 0.9710769230769231, 0.9723076923076923, 0.9723076923076923, 0.9735384615384616, 0.9796923076923076, 0.9772307692307692, 0.9876923076923076, 0.9883076923076923, 0.9907692307692307, 0.992, 0.992, 0.9932307692307693, 0.9938461538461538, 0.9944615384615385, 0.9944615384615385, 0.9950769230769231, 0.9950769230769231, 0.9956923076923077, 0.9963076923076923, 0.9981538461538462, 0.9981538461538462, 0.9975384615384615, 0.9969230769230769, 0.9981538461538462, 0.9981538461538462, 0.9987692307692307, 0.9981538461538462, 0.9981538461538462, 0.9981538461538462, 0.9987692307692307, 1.0, 1.0, 1.0, 1.0, 1.0, 1.0, 1.0, 1.0, 1.0, 1.0, 1.0, 1.0, 1.0, 1.0, 1.0, 1.0, 1.0, 1.0, 1.0, 1.0, 1.0, 1.0, 1.0, 1.0, 1.0, 1.0, 1.0, 1.0, 1.0, 1.0, 1.0, 1.0, 1.0, 1.0, 1.0, 1.0, 1.0, 1.0, 1.0, 1.0, 1.0, 1.0, 1.0, 1.0, 1.0, 1.0, 1.0, 1.0, 1.0, 1.0, 1.0, 1.0, 1.0, 1.0, 1.0, 1.0, 1.0, 1.0, 1.0, 1.0, 1.0, 1.0, 1.0, 1.0, 1.0, 1.0, 1.0, 1.0, 1.0, 1.0, 1.0, 1.0, 1.0, 1.0, 1.0, 1.0, 1.0, 1.0, 1.0, 1.0, 1.0, 1.0, 1.0, 1.0, 1.0, 1.0, 1.0, 1.0, 1.0, 1.0, 1.0, 1.0, 1.0, 1.0, 1.0, 1.0, 1.0, 1.0, 1.0, 1.0, 1.0, 1.0, 1.0, 1.0, 1.0, 1.0, 1.0, 1.0, 1.0, 1.0, 1.0, 1.0, 1.0, 1.0, 1.0, 1.0, 1.0],