{"seed": 2, "run_name": "tbl1_signsgd_orig__signsgd_linear-classifier_mushrooms__config_name-basic__batch_size-256__n_epoches_train-200__dtype-float32__no_bias__n_epoches_tune-5__tune_runs-30__save_curves", "train_loss": [0.6913946840103592, 0.6807772399944423, 0.670390314849835, 0.6608067145850716, 0.6496307093215323, 0.6391534572656627, 0.6288895202293343, 0.618854894154511, 0.6086544303841182, 0.5978652431921581, 0.5874207001319975, 0.5768602517527253, 0.5668811655540478, 0.5560661268057615, 0.5460091111315508, 0.5363900437846659, 0.5273732584875644, 0.5182835143919138, 0.5086534350409389, 0.49829922565930357, 0.4903916773807614, 0.48180484462994594, 0.47492753285547373, 0.4678941748803869, 0.4593694688475016, 0.45448371492808787, 0.4457801927075052, 0.43958956448705466, 0.43244837079912285, 0.42620141407749446, 0.41966673471272997, 0.414226805811737, 0.4106987588911345, 0.40604035932940324, 0.39998410742144896, 0.395085543456206, 0.39198376361473086, 0.38758621360038165, 0.3853114529243899, 0.3809795538163083, 0.37756180017949464, 0.37470411351501964, 0.3719413072471563, 0.37007052348401853, 0.36615818002639733, 0.36501152108926027, 0.36250501317176304, 0.35963291914599044, 0.3578289307114579, 0.3561566604306005, 0.3539756319321121, 0.3519016026823917, 0.3505085655018543, 0.35037777075224025, 0.3480113566798036, 0.34653678653186976, 0.34501950938197984, 0.3444392029702808, 0.34337597783119317, 0.341670250064008, 0.34092900132206544, 0.33974336514347386, 0.3388542668438276, 0.3377284128541508, 0.3367037035314944, 0.3370309979611483, 0.33515906088277836, 0.3347221270375528, 0.3344681059538343, 0.33351947897995854, 0.332771169609248, 0.331749061368915, 0.33112256928190004, 0.3306939010762764, 0.32995761270016044, 0.3290361603038111, 0.3286027654409071, 0.328905670048283, 0.32763727244051544, 0.32688515385545847, 0.32634159614977704, 0.32610745783959216, 0.32588982837331465, 0.3252813905859914, 0.32453018938877226, 0.3243316419834878, 0.3238488548131113, 0.3239190394009192, 0.3229641679077142, 0.3227216243698813, 0.3228034930705347, 0.3220921262116427, 0.32161133882446774, 0.32134946119727736, 0.3208847589225304, 0.3206938898503752, 0.3205095187184251, 0.32041471812110994, 0.3201330618522707, 0.3199026570065516, 0.3194642991882451, 0.31957571940474044, 0.3189179115157332, 0.3186978758378341, 0.3185745815269565, 0.31835247512293596, 0.3180714502142827, 0.3180025457127718, 0.3177374836758099, 0.3176590199108116, 0.31735301396066, 0.3176234635471631, 0.3169945247312826, 0.3168739011069001, 0.31675137541653453, 0.3167352073990437, 0.3164463606945293, 0.31641321275933976, 0.31624867384068567, 0.3161011952766626, 0.316049318179971, 0.31589681558612126, 0.31578445821417694, 0.31571045948126353, 0.31554601552903877, 0.31548445242295853, 0.31540139385906946, 0.3154404702636518, 0.31519759450949003, 0.31517144702958894, 0.3150551057288203, 0.31500589843566923, 0.3149532985011589, 0.3148882542234876, 0.3147622934006726, 0.3147348045673157, 0.3146502785131272, 0.31459323549648927, 0.31454105785549524, 0.31455348186587523, 0.31449684693750746, 0.3144066168636889, 0.3143568146961876, 0.31430144347002836, 0.31425334222069967, 0.3142363424908849, 0.31415699635969985, 0.31421916191010685, 0.31411187327909235, 0.314070529572608, 0.31404207873472495, 0.3140039985732739, 0.3140387335809707, 0.31395523448321777, 0.31389637755659694, 0.31387241186451914, 0.3138885449743301, 0.31382654962712675, 0.31380182279595425, 0.31381923082159957, 0.3137511330846963, 0.3137374621406709, 0.3137062227698955, 0.31373848118851366, 0.3136837237671436, 0.31367218312035783, 0.313637582010592, 0.3136155876321256, 0.3136136691919158, 0.31359450158413715, 0.31357044851307647, 0.313558582492838, 0.31354355806336975, 0.3135276608789599, 0.31352227251765497, 0.3135225930145806, 0.3134964024599576, 0.3134968570221524, 0.31348108456570717, 0.3134735890017536, 0.3134620251660191, 0.3134510233330427, 0.31344542450021967, 0.3134365090801831, 0.3134261954076611, 0.31341939645137024, 0.3134153985011047, 0.31340960258798417, 0.3134056547068501, 0.31339563847854246, 0.3133892484309212, 0.3133858413169631, 0.3133825965589922, 0.3133760629919287, 0.3133809834353259, 0.31336700827497266, 0.31336157499760037, 0.3133598218754295, 0.31335390679947395, 0.3133545918895656], "val_accuracy": [0.5833846153846154, 0.6221538461538462, 0.6615384615384615, 0.7064615384615385, 0.7452307692307693, 0.7803076923076923, 0.8116923076923077, 0.8332307692307692, 0.8609230769230769, 0.8793846153846154, 0.896, 0.9076923076923077, 0.9138461538461539, 0.9163076923076923, 0.92, 0.9255384615384615, 0.928, 0.9304615384615385, 0.9323076923076923, 0.931076923076923, 0.931076923076923, 0.9323076923076923, 0.9335384615384615, 0.9353846153846154, 0.9378461538461539, 0.940923076923077, 0.9421538461538461, 0.9446153846153846, 0.9452307692307692, 0.9464615384615385, 0.9489230769230769, 0.952, 0.9538461538461539, 0.9593846153846154, 0.9649230769230769, 0.9673846153846154, 0.9667692307692307, 0.9686153846153847, 0.9723076923076923, 0.9735384615384616, 0.9741538461538461, 0.9747692307692307, 0.9747692307692307, 0.9778461538461538, 0.9778461538461538, 0.9790769230769231, 0.9803076923076923, 0.9803076923076923, 0.9796923076923076, 0.9803076923076923, 0.9815384615384616, 0.9815384615384616, 0.9833846153846154, 0.984, 0.9846153846153847, 0.9846153846153847, 0.9846153846153847, 0.9858461538461538, 0.9852307692307692, 0.9858461538461538, 0.9858461538461538, 0.9870769230769231, 0.9876923076923076, 0.9876923076923076, 0.9876923076923076, 0.9883076923076923, 0.9883076923076923, 0.9883076923076923, 0.9889230769230769, 0.9889230769230769, 0.9889230769230769, 0.9895384615384616, 0.9901538461538462, 0.9901538461538462, 0.9901538461538462, 0.9901538461538462, 0.9907692307692307, 0.9913846153846154, 0.9926153846153846, 0.9932307692307693, 0.9932307692307693, 0.9950769230769231, 0.9956923076923077, 0.9956923076923077, 0.9956923076923077, 0.9956923076923077, 0.9956923076923077, 0.9956923076923077, 0.9956923076923077, 0.9956923076923077, 0.9956923076923077, 0.9956923076923077, 0.9956923076923077, 0.9963076923076923, 0.9969230769230769, 0.9969230769230769, 0.9969230769230769, 0.9975384615384615, 0.9975384615384615, 0.9975384615384615, 0.9975384615384615, 0.9975384615384615, 0.9975384615384615, 0.9975384615384615, 0.9975384615384615, 0.9975384615384615, 0.9975384615384615, 0.9975384615384615, 0.9975384615384615, 0.9987692307692307, 0.9987692307692307, 0.9975384615384615, 0.9993846153846154, 0.9993846153846154, 1.0, 1.0, 1.0, 1.0, 1.0, 1.0, 1.0, 1.0, 1.0, 1.0, 1.0, 1.0, 1.0, 1.0, 1.0, 1.0, 1.0, 1.0, 1.0, 1.0, 1.0, 1.0, 1.0, 1.0, 1.0, 1.0, 1.0, 1.0, 1.0, 1.0, 1.0, 1.0, 1.0, 1.0, 1.0, 1.0, 1.0, 1.0, 1.0, 1.0, 1.0, 1.0, 1.0, 1.0, 1.0, 1.0, 1.0, 1.0, 1.0, 1.0, 1.0, 1.0, 1.0, 1.0, 1.0, 1.0, 1.0, 1.0, 1.0, 1.0, 1.0, 1.0, 1.0, 1.0, 1.0, 1.0, 1.0, 1.0, 1.0, 1.0, 1.0, 1.0, 1.0, 1.0, 1.0, 1.0, 1.0, 1.0, 1.0, 1.0, 1.0, 1.0, 1.0, 1.0, 1.0, 1.0],