{"seed": 1, "run_name": "tbl1_signsgd_orig__signsgd_linear-classifier_mushrooms__config_name-basic__batch_size-256__n_epoches_train-200__dtype-float32__no_bias__n_epoches_tune-5__tune_runs-30__save_curves", "train_loss": [0.6958314907309819, 0.6828490042546084, 0.6712078966714398, 0.6598451353670114, 0.647563560965067, 0.6350003230088217, 0.6258123892593774, 0.6148478665345654, 0.6051163513342032, 0.5953805648462632, 0.5866908752506285, 0.576791819945423, 0.5685705263729666, 0.5598679934767397, 0.5506584799544885, 0.5437010090021278, 0.5330722979076535, 0.5256240961632432, 0.5178083758787794, 0.5101741364199962, 0.5021509713518948, 0.4949189131386196, 0.48777345991522936, 0.4812463583550171, 0.4737105491619958, 0.46818620143078743, 0.4612773162625729, 0.45503337757354995, 0.44914011761520173, 0.4434954410046206, 0.43800981838604264, 0.4328953313630771, 0.4269145179259082, 0.42186834792662864, 0.4177796541538486, 0.4130067511702275, 0.4097005049534403, 0.4034928728032704, 0.40011256604852696, 0.39604432957441954, 0.3919263972316561, 0.38856098271553785, 0.38452468507172927, 0.38239480842597984, 0.37972774042133944, 0.37510400308598785, 0.37276563060184936, 0.3712665340907418, 0.3679615281705236, 0.36550425099302414, 0.3628650301663051, 0.3604400132207256, 0.358271654542662, 0.35636776481167964, 0.35451907474103156, 0.35272779997307246, 0.3513128281136408, 0.34983422983501106, 0.34830661654605455, 0.34650687380826195, 0.3457079699215971, 0.3437218213986121, 0.34297652404166185, 0.3412652693046993, 0.34034851797748955, 0.3393063102436056, 0.3384598259952001, 0.3382029974378679, 0.3361310443753603, 0.3359527677760616, 0.3352746882067249, 0.33379689329423273, 0.33350022176790406, 0.3328578707018861, 0.33161745008769705, 0.3313548606736348, 0.330302850001876, 0.3298734144104317, 0.32920461610462204, 0.32838657806352073, 0.32806612169082167, 0.32730029671493244, 0.32680943542113094, 0.3267687549201228, 0.3259583676241742, 0.3254078257087923, 0.32506136058155183, 0.32501620494694966, 0.3241752794206605, 0.32372876454620925, 0.3233706516543987, 0.3228619241716688, 0.32274347445894863, 0.3224164471461533, 0.3221334577981954, 0.32155798130794744, 0.3212304424911716, 0.32134786022371087, 0.3206832091495695, 0.32029470420944584, 0.320197565562043, 0.3198330972313863, 0.3194821579598581, 0.3193228525271159, 0.3191144047899074, 0.318818778821631, 0.3186613925412493, 0.31842442365412565, 0.31819033800002566, 0.3180445782635009, 0.3178584331018414, 0.31771063284662526, 0.317472754727366, 0.31737410338055677, 0.3170927960563114, 0.31694379212641016, 0.3168235314839723, 0.31684127760986586, 0.31664322712783044, 0.31643253756053846, 0.316290542336002, 0.3161551454090112, 0.3159887302945304, 0.31589616421918304, 0.31579072349580983, 0.31571184186912427, 0.3157776910366564, 0.3156214520833645, 0.3153980533307604, 0.3153405859542268, 0.31528828635121925, 0.3151322047888498, 0.3150507274006905, 0.31501986458931025, 0.31492717338821014, 0.3148466327331443, 0.3148056854635419, 0.31471554235873056, 0.3146213116541039, 0.3145982084093007, 0.3145093248478798, 0.31448070488842217, 0.314429849226156, 0.3143946551787542, 0.3143086162704271, 0.3142941833049527, 0.3142175075790109, 0.3142028098578814, 0.3141326429791648, 0.3141470705808514, 0.3140524254472297, 0.31403203309095035, 0.31398697377363594, 0.3139485356351433, 0.3139269491013657, 0.3139192062519199, 0.31385887621151054, 0.31386471901465196, 0.3138168723993764, 0.31380805773814624, 0.31375130204253654, 0.3137352089168065, 0.31371563133712743, 0.31369505579980866, 0.31369671662944226, 0.3136601822354329, 0.3136496257378525, 0.3136217102438936, 0.31360312571789634, 0.31358646421972086, 0.31357752310821807, 0.3135625969446219, 0.3135459224027586, 0.3135312367070188, 0.31351943324477444, 0.31351018655423596, 0.31349510347449383, 0.31348730103217076, 0.31348327568642437, 0.31347078493562813, 0.31346328215872044, 0.3134509060129736, 0.31344527545212353, 0.3134344320284007, 0.31342443465840797, 0.31341891113023246, 0.31341559898512056, 0.3134111710059656, 0.3133995315408303, 0.3133959114475908, 0.3133901446091119, 0.3133835916867391, 0.3133813924160477, 0.31337899003778635, 0.31337194459865225, 0.31336852023404377, 0.3133633743297176, 0.3133571997565526, 0.3133553830315305, 0.3133514474301848], "val_accuracy": [0.5353846153846153, 0.5421538461538462, 0.5526153846153846, 0.5778461538461539, 0.592, 0.6141538461538462, 0.648, 0.6978461538461539, 0.7335384615384616, 0.7667692307692308, 0.7975384615384615, 0.8252307692307692, 0.8553846153846154, 0.872, 0.8855384615384615, 0.8941538461538462, 0.9033846153846153, 0.908923076923077, 0.9126153846153846, 0.9156923076923077, 0.9187692307692308, 0.9230769230769231, 0.9261538461538461, 0.928, 0.931076923076923, 0.9335384615384615, 0.936, 0.940923076923077, 0.9446153846153846, 0.9464615384615385, 0.9501538461538461, 0.9544615384615385, 0.9593846153846154, 0.9612307692307692, 0.963076923076923, 0.9649230769230769, 0.9673846153846154, 0.9686153846153847, 0.9704615384615385, 0.9735384615384616, 0.9753846153846154, 0.9772307692307692, 0.9790769230769231, 0.9815384615384616, 0.9821538461538462, 0.9821538461538462, 0.984, 0.9846153846153847, 0.9846153846153847, 0.9852307692307692, 0.9864615384615385, 0.9864615384615385, 0.9864615384615385, 0.9876923076923076, 0.9876923076923076, 0.9876923076923076, 0.9889230769230769, 0.9889230769230769, 0.9895384615384616, 0.9895384615384616, 0.9901538461538462, 0.9901538461538462, 0.9913846153846154, 0.9913846153846154, 0.9913846153846154, 0.9913846153846154, 0.9913846153846154, 0.992, 0.992, 0.992, 0.992, 0.9932307692307693, 0.9932307692307693, 0.9938461538461538, 0.9938461538461538, 0.9938461538461538, 0.9944615384615385, 0.9944615384615385, 0.9944615384615385, 0.9950769230769231, 0.9950769230769231, 0.9956923076923077, 0.9963076923076923, 0.9963076923076923, 0.9975384615384615, 0.9975384615384615, 0.9975384615384615, 0.9975384615384615, 0.9981538461538462, 0.9981538461538462, 0.9981538461538462, 0.9981538461538462, 0.9981538461538462, 0.9981538461538462, 0.9981538461538462, 0.9981538461538462, 0.9981538461538462, 0.9981538461538462, 0.9981538461538462, 0.9981538461538462, 0.9981538461538462, 0.9981538461538462, 0.9987692307692307, 0.9981538461538462, 0.9987692307692307, 0.9987692307692307, 0.9987692307692307, 0.9987692307692307, 0.9987692307692307, 0.9987692307692307, 0.9987692307692307, 0.9987692307692307, 0.9987692307692307, 0.9987692307692307, 0.9987692307692307, 0.9987692307692307, 0.9987692307692307, 0.9987692307692307, 0.9987692307692307, 0.9987692307692307, 0.9987692307692307, 0.9987692307692307, 0.9987692307692307, 0.9987692307692307, 0.9987692307692307, 0.9987692307692307, 0.9987692307692307, 0.9987692307692307, 0.9987692307692307, 0.9987692307692307, 0.9993846153846154, 0.9993846153846154, 0.9993846153846154, 1.0, 1.0, 1.0, 1.0, 1.0, 1.0, 1.0, 1.0, 1.0, 1.0, 1.0, 1.0, 1.0, 1.0, 1.0, 1.0, 1.0, 1.0, 1.0, 1.0, 1.0, 1.0, 1.0, 1.0, 1.0, 1.0, 1.0, 1.0, 1.0, 1.0, 1.0, 1.0, 1.0, 1.0, 1.0, 1.0, 1.0, 1.0, 1.0, 1.0, 1.0, 1.0, 1.0, 1.0, 1.0, 1.0, 1.0, 1.0, 1.0, 1.0, 1.0, 1.0, 1.0, 1.0, 1.0, 1.0, 1.0, 1.0, 1.0, 1.0, 1.0, 1.0, 1.0, 1.0, 1.0, 1.0, 1.0],