{"seed": 1, "run_name": "tbl1_adam_orig__adam_linear-classifier_mushrooms__config_name-basic__batch_size-256__n_epoches_train-200__dtype-float32__no_bias__n_epoches_tune-5__tune_runs-30__save_curves", "train_loss": [0.6960218093558843, 0.6835022495889522, 0.6724424938802435, 0.661433698773351, 0.6494978180512995, 0.6368364562629134, 0.6275687378487547, 0.6162035217151015, 0.6060352613293155, 0.595663999370257, 0.5863260322273662, 0.5756916185852679, 0.5667714505507786, 0.557685177962038, 0.5481608304273755, 0.5409150659064508, 0.5303179425328491, 0.522713348586461, 0.5151551405742703, 0.5078382068403025, 0.5002316823239424, 0.4933569687877694, 0.4866431323696728, 0.48064276966504693, 0.47381147706481896, 0.46875254575973474, 0.46233197476980215, 0.45698328452006626, 0.45206527406948754, 0.4471148589039257, 0.44231240250154896, 0.43819204902732806, 0.4330346697564155, 0.42894812733525656, 0.425852694004741, 0.42186814675744005, 0.41957972991009035, 0.41401623517412384, 0.41173015488325254, 0.4083262674255152, 0.4049018799938805, 0.4023377152347416, 0.39896752376323297, 0.3974011513465023, 0.3955918046407449, 0.3911796837284801, 0.38958068124350254, 0.3887844610575235, 0.38559920796442226, 0.38364513906676156, 0.38138245068004706, 0.379188608639646, 0.3774169729194687, 0.37585657126851263, 0.37434099541178734, 0.37265839902098125, 0.37115171915773615, 0.3702297960123492, 0.3683438404904672, 0.3668688223698068, 0.3663236369867285, 0.36399161697022425, 0.363318590799229, 0.36146432679311147, 0.36087051515139973, 0.35959333646131086, 0.3587056163046821, 0.35874325826141573, 0.3559831449429585, 0.35631262122879215, 0.3551504328758648, 0.3535856495263915, 0.3533650221444863, 0.3527178960513052, 0.3511675380060119, 0.35080124086394826, 0.34954688555811786, 0.3490040184876804, 0.34830617676875525, 0.3471473678205909, 0.3469238772828634, 0.34574924498283754, 0.3452810301814062, 0.34503960700482045, 0.34422924039780617, 0.3436765330622549, 0.34308333253661666, 0.3430085730323212, 0.3419848276542989, 0.34139368380796203, 0.3412069636948808, 0.3401222072605112, 0.34008616410944165, 0.3399423520898265, 0.3398396234229736, 0.338665646787905, 0.3379861468591863, 0.33796353315270106, 0.33713232659706127, 0.3365232117455581, 0.3368689881071049, 0.33578303480748056, 0.33523560553124954, 0.335078802986663, 0.33496768364103074, 0.3343611967626917, 0.3340452482348756, 0.33375627865225704, 0.33320866854758807, 0.33296559355556793, 0.33290915138970795, 0.33285839647602133, 0.33193377094858173, 0.3322139037536578, 0.33120414227369627, 0.33101221939591857, 0.3308036234931221, 0.33109794186173763, 0.3306332207110395, 0.3300304439034577, 0.3297532907667372, 0.3296304555433833, 0.3290598145211306, 0.3290464364147109, 0.32862587881929906, 0.3285348096415141, 0.3287971085858802, 0.32854709479671307, 0.327705313546261, 0.32757812926170227, 0.3276842926742468, 0.3271289253713635, 0.326802679707301, 0.32688953802024523, 0.32653722140339, 0.3262057954857139, 0.3261922257605526, 0.32599242957384195, 0.32554025084209504, 0.325613017721765, 0.3252858637444881, 0.3251082227637817, 0.3250567508426174, 0.32496135717605795, 0.3246282480867597, 0.32459291938908885, 0.3246730394100014, 0.32415993897934003, 0.3239465673284401, 0.3244797764639853, 0.3235571581192205, 0.32349997190531915, 0.32326422680367306, 0.3230796914210631, 0.32315066273890697, 0.3232195919123762, 0.32271318562895873, 0.3231330871739623, 0.32249680644082873, 0.3227387383221298, 0.32209521949638853, 0.3220346544662883, 0.32201257440012926, 0.3218077399284834, 0.3220409577410993, 0.32156168386920425, 0.3215300287663471, 0.32134453860231416, 0.3211591168338058, 0.3210706575976302, 0.321031024979977, 0.32090045516785776, 0.3208398640291862, 0.32060676097442614, 0.32052958768953715, 0.320408726575129, 0.3202744144595793, 0.32022390806175877, 0.32016737934671197, 0.32010074224603535, 0.32001153635416574, 0.31988332475395986, 0.3199867381421719, 0.3198061685328694, 0.31948563483660786, 0.319492104859164, 0.3194645901904275, 0.3195074204811238, 0.3192648785892449, 0.3191090516657519, 0.31909433981380525, 0.3189393722407404, 0.31897323039798, 0.31887475734800313, 0.3187380307768583, 0.3186876254005505, 0.31862344449514685, 0.31851198842111644, 0.31844326164380626, 0.3183700326363764],