{"seed": 1, "run_name": "tbl1_kfac_orig__kfac_linear-classifier_mushrooms__config_name-basic__batch_size-256__n_epoches_train-200__dtype-float32__shampoo_beta-0.9__no_bias__n_epoches_tune-5__tune_runs-30__save_curves", "train_loss": [0.7007293236221759, 0.6983216133381929, 0.697896172431041, 0.696983975345227, 0.6961383620361753, 0.692687803368189, 0.6944222078690298, 0.6918120064436034, 0.6918655519394539, 0.6894650300354879, 0.6910378688885878, 0.6884262260091344, 0.685632494251124, 0.6858488031075011, 0.6845505500830956, 0.6841512270754968, 0.681472420478838, 0.682449083514008, 0.6803594593766098, 0.6782827698875802, 0.676943305792591, 0.677202244864102, 0.674837451404857, 0.676937803577274, 0.6736165714934692, 0.673284056684556, 0.6730698494461248, 0.6721128622548252, 0.6687623169353177, 0.6707152748483307, 0.667230638158045, 0.6651864948306693, 0.6651974649603152, 0.6631968645913613, 0.6632878615535909, 0.6625845137431619, 0.6611398425714936, 0.6607032458976878, 0.6585199328937397, 0.6578509714064101, 0.6570226879569598, 0.6554288781929679, 0.6534029217722617, 0.655880021746986, 0.6543170597716992, 0.6521247126511186, 0.6524496716840279, 0.6502563297084576, 0.648577175973955, 0.6480098684704448, 0.6460437859964763, 0.6461650503894041, 0.6462624796980662, 0.6438621512976218, 0.6440619479435368, 0.6420900845661043, 0.6414541681639047, 0.6398733764499194, 0.637960325579937, 0.6391975559000183, 0.6370162875606059, 0.6351481823404732, 0.634944353716048, 0.6335885344225354, 0.6341914979171706, 0.6317355819647166, 0.6313271091621199, 0.6297129783931419, 0.6294941369819193, 0.6288687010167928, 0.6266446215558014, 0.62534372248488, 0.6259993062984681, 0.624682985063697, 0.6224223008383766, 0.62186073762607, 0.6221730717171685, 0.6207510077085935, 0.6213748121595767, 0.6178199229163823, 0.6175971561548055, 0.6147264700646762, 0.614711010678505, 0.6141849660050497, 0.6121981438567381, 0.613392176019778, 0.6110860805834325, 0.6107485927364462, 0.610865361025338, 0.6080603027551712, 0.6086681901571559, 0.6059379072763378, 0.6051521045726035, 0.6042338351468257, 0.60532848876776, 0.6023454159985784, 0.6013463487506776, 0.601510295724158, 0.600111940455462, 0.5990010226820018, 0.5974168183817911, 0.59592180552753, 0.5951463626360005, 0.5934964290987844, 0.5928487283286537, 0.5928346003482731, 0.591536241145315, 0.5911734266711097, 0.5901064241606943, 0.5882344685590515, 0.5879879448201637, 0.5867980460274522, 0.5852453018905076, 0.5847827739312887, 0.5833393243581952, 0.5826371223861077, 0.5813447218588108, 0.5808553997969383, 0.5788791150170397, 0.5791647181586195, 0.5771567488886634, 0.5783819763543971, 0.5766100610063869, 0.5744503006603182, 0.57388591562644, 0.5716033365051884, 0.5720180034837246, 0.5711678868391534, 0.570037127141534, 0.5690624661895783, 0.5677756815613567, 0.5667074758018391, 0.5663267375967429, 0.5660384690086652, 0.5642923578880883, 0.5630826875890099, 0.56188701179572, 0.5614918141425389, 0.5591085099826403, 0.5578319437949554, 0.5578870265360526, 0.5565356472766593, 0.5551982213997967, 0.5554810863870302, 0.5538018158212349, 0.5529727811410781, 0.5521670385419662, 0.550828490401682, 0.5504494898627585, 0.5504133007203837, 0.5488969270616192, 0.5472555435300466, 0.5458480307424108, 0.5451339726681144, 0.5451231547851357, 0.5445701717718132, 0.5428795975423972, 0.541844095912085, 0.5401846480712265, 0.5389568487167525, 0.5384616796029297, 0.538672931200154, 0.537070675769003, 0.5354665928447977, 0.5354895763752628, 0.5334943622010485, 0.5341582967453903, 0.5319655013950964, 0.5301244724355454, 0.5297334607957027, 0.5295574778891333, 0.5273110899517721, 0.527373085363866, 0.5265523042013386, 0.5255911475734961, 0.5244227965927936, 0.5236647287034314, 0.5222658600852486, 0.5224163333399059, 0.5216059904203427, 0.5205227826363701, 0.5202702060564719, 0.5185056117376954, 0.5176667452251635, 0.5165822550955069, 0.5154439655524135, 0.5154224003371864, 0.5145517929879321, 0.5120650101025828, 0.5118190668833995, 0.5117475317363199, 0.5096612185572971, 0.509879387642219, 0.508789579298918, 0.5070966373828478, 0.5067360089417469, 0.5054915285681442, 0.5053080543138546, 0.5042597784260265, 0.5034444506782055], "val_accuracy": [0.5298461538461539, 0.5304615384615384, 0.5310769230769231, 0.5329230769230769, 0.5329230769230769, 0.5347692307692308, 0.5347692307692308, 0.5347692307692308, 0.5347692307692308, 0.5347692307692308, 0.5353846153846153, 0.536, 0.536, 0.536, 0.536, 0.5378461538461539, 0.5384615384615384, 0.5390769230769231, 0.5396923076923077, 0.540923076923077, 0.5403076923076923, 0.540923076923077, 0.5433846153846154, 0.5433846153846154, 0.5446153846153846, 0.5452307692307692, 0.5464615384615384, 0.5464615384615384, 0.5483076923076923, 0.5501538461538461, 0.5507692307692308, 0.552, 0.5538461538461539, 0.5538461538461539, 0.5563076923076923, 0.5587692307692308, 0.5612307692307692, 0.5636923076923077, 0.568, 0.5729230769230769, 0.5741538461538461, 0.5747692307692308, 0.5753846153846154, 0.5766153846153846, 0.5778461538461539, 0.5784615384615385, 0.5803076923076923, 0.5809230769230769, 0.5827692307692308, 0.5846153846153846, 0.5876923076923077, 0.5901538461538461, 0.5913846153846154, 0.5938461538461538, 0.5944615384615385, 0.5969230769230769, 0.5993846153846154, 0.6018461538461538, 0.6036923076923076, 0.6049230769230769, 0.6073846153846154, 0.6086153846153847, 0.6098461538461538, 0.6104615384615385, 0.6098461538461538, 0.6104615384615385, 0.6116923076923076, 0.6123076923076923, 0.6147692307692307, 0.6153846153846154, 0.6209230769230769, 0.624, 0.6252307692307693, 0.6276923076923077, 0.6301538461538462, 0.6313846153846154, 0.6363076923076924, 0.6412307692307693, 0.6436923076923077, 0.6455384615384615, 0.648, 0.6541538461538462, 0.6596923076923077, 0.6621538461538462, 0.6664615384615384, 0.6713846153846154, 0.6744615384615384, 0.676923076923077, 0.68, 0.6824615384615385, 0.6861538461538461, 0.688, 0.691076923076923, 0.6916923076923077, 0.6935384615384615, 0.6984615384615385, 0.7027692307692308, 0.7076923076923077, 0.7095384615384616, 0.7113846153846154, 0.715076923076923, 0.7187692307692307, 0.7193846153846154, 0.7218461538461538, 0.7286153846153847, 0.7304615384615385, 0.7335384615384616, 0.736, 0.7403076923076923, 0.7427692307692307, 0.7483076923076923, 0.7513846153846154, 0.7550769230769231, 0.7569230769230769, 0.76, 0.7636923076923077, 0.7673846153846153, 0.7692307692307693, 0.7716923076923077, 0.7766153846153846, 0.7803076923076923, 0.7821538461538462, 0.7833846153846153, 0.7883076923076923, 0.7907692307692308, 0.7956923076923077, 0.7981538461538461, 0.8012307692307692, 0.8055384615384615, 0.8073846153846154, 0.8104615384615385, 0.8135384615384615, 0.8178461538461539, 0.8227692307692308, 0.827076923076923, 0.832, 0.8363076923076923, 0.8381538461538461, 0.8412307692307692, 0.8443076923076923, 0.8467692307692307, 0.848, 0.8492307692307692, 0.8510769230769231, 0.8523076923076923, 0.8541538461538462, 0.8572307692307692, 0.8621538461538462, 0.8621538461538462, 0.8664615384615385, 0.8689230769230769, 0.8695384615384616, 0.8726153846153846, 0.8750769230769231, 0.8769230769230769, 0.88, 0.8818461538461538, 0.8830769230769231, 0.8843076923076924, 0.8867692307692308, 0.8886153846153846, 0.8916923076923077, 0.8935384615384615, 0.896, 0.8978461538461538, 0.8984615384615384, 0.8984615384615384, 0.9015384615384615, 0.9021538461538462, 0.9046153846153846, 0.9083076923076923, 0.9095384615384615, 0.9113846153846153, 0.9126153846153846, 0.9132307692307692, 0.9144615384615384, 0.9163076923076923, 0.9156923076923077, 0.9175384615384615, 0.9187692307692308, 0.92, 0.92, 0.92, 0.92, 0.92, 0.9212307692307692, 0.9206153846153846, 0.9212307692307692, 0.9224615384615384, 0.9243076923076923, 0.9261538461538461, 0.9267692307692308, 0.928, 0.9286153846153846, 0.9292307692307692, 0.9298461538461539, 0.931076923076923, 0.9316923076923077, 0.9316923076923077, 0.9323076923076923],