{"seed": 1, "run_name": "tbl1_muadam_orig__muadam_linear-classifier_mushrooms__config_name-basic__batch_size-256__n_epoches_train-200__dtype-float32__ns_steps-20__no_bias__n_epoches_tune-5__tune_runs-30__save_curves", "train_loss": [0.6973014599261076, 0.6868500752451342, 0.6777984819753479, 0.668751832179234, 0.6587870723489616, 0.6471515872921045, 0.6396398929644128, 0.6284896874048337, 0.6192582558603853, 0.6085584452534689, 0.6002398504121492, 0.5892311304105112, 0.5792309360733207, 0.5699975771232756, 0.5600090226160838, 0.551569380915049, 0.5407344413192919, 0.532046824333685, 0.5227536088373744, 0.5133058998620179, 0.5039263657649414, 0.4955908682613737, 0.4872156763355108, 0.4794159818065155, 0.47017991039118423, 0.4630630416129823, 0.454962058391705, 0.44747624557815846, 0.44088224896863, 0.4341146409246669, 0.42742363606947714, 0.42128475570379925, 0.4147201940417453, 0.40895110464293954, 0.4042593994255403, 0.39885981586892955, 0.3942830705707953, 0.38799393037902813, 0.38416070321799944, 0.37961913583500895, 0.37497509489920033, 0.37123930661131926, 0.3669262781791656, 0.36403215274349954, 0.3607460612211839, 0.35640000447527137, 0.35365833003979413, 0.3511517873204384, 0.3481556005102851, 0.34558144355183845, 0.3431109828671205, 0.34062332140573987, 0.33851066169697075, 0.33658058580234174, 0.33471472430818267, 0.33302913499627185, 0.3312952276903351, 0.32981342003364145, 0.32853837053411966, 0.32699573261012005, 0.32598606844236966, 0.32467522377742225, 0.3236642465410972, 0.3226212306053338, 0.3218326928244588, 0.3210356283144538, 0.3202869364638916, 0.3196103248165833, 0.31881904799689303, 0.31836120002901014, 0.31785222032121063, 0.3173018742587725, 0.3169470908926465, 0.3165184833057579, 0.3160887608625203, 0.3157981799893668, 0.3154889246769764, 0.31520581371345563, 0.31497611847929013, 0.31476950119231384, 0.31457622153222525, 0.3143958108095994, 0.31425638633213293, 0.3141259577506214, 0.3140101303048398, 0.31391100198860783, 0.3138219502247522, 0.3137486666982207, 0.3136777835570718, 0.31362599096263255, 0.3135654959455062, 0.3135201134720159, 0.3134830234451742, 0.31345328953128526, 0.31342442687310945, 0.31339583917839675, 0.3133748625621969, 0.31335692799885945, 0.3133402761473608, 0.3133274809124026, 0.31331640954928563, 0.3133066520939152, 0.31329914088414185, 0.3132925136060877, 0.3132868415892305, 0.31328252742384183, 0.31327888596955633, 0.31327546573367276, 0.31327307680974886, 0.31327075725285114, 0.313269254404123, 0.31326772780024237, 0.3132664454297294, 0.31326548935490467, 0.3132647397983721, 0.3132640633445913, 0.3132636213456764, 0.31326320032837635, 0.3132628586016578, 0.31326262210418515, 0.31326239840977593, 0.3132622529225616, 0.31326211857156944, 0.3132620152048796, 0.31326193999709684, 0.31326187946643036, 0.3132618387634467, 0.31326180277987997, 0.3132617725086621, 0.31326174998377715, 0.3132617344803055, 0.3132617222068939, 0.3132617132570624, 0.31326170651740004, 0.3132617023395993, 0.3132616977172789, 0.3132616950812698, 0.31326169309831026, 0.31326169147576644, 0.3132616903633439, 0.31326168967959206, 0.31326168896692946, 0.3132616885756519, 0.3132616882748516, 0.3132616880775711, 0.31326168792700265, 0.3132616878107664, 0.3132616877329262, 0.31326168765889334, 0.31326168761874806, 0.31326168758975614, 0.31326168757061845, 0.31326168755479566, 0.3132616875429696, 0.3132616875357048, 0.3132616875296383, 0.31326168752580597, 0.3132616875233393, 0.3132616875217951, 0.3132616875206618, 0.31326168751983025, 0.3132616875192636, 0.3132616875188857, 0.31326168751866046, 0.31326168751851285, 0.31326168751841055, 0.3132616875183435, 0.31326168751829914, 0.3132616875182696, 0.31326168751825145, 0.31326168751824107, 0.31326168751823386, 0.3132616875182295, 0.31326168751822675, 0.31326168751822514, 0.3132616875182242, 0.3132616875182236, 0.3132616875182234, 0.3132616875182231, 0.31326168751822286, 0.31326168751822286, 0.3132616875182228, 0.3132616875182228, 0.3132616875182228, 0.3132616875182228, 0.3132616875182228, 0.31326168751822275, 0.31326168751822275, 0.31326168751822275, 0.31326168751822275, 0.31326168751822275, 0.31326168751822275, 0.31326168751822275, 0.31326168751822275, 0.31326168751822275, 0.31326168751822275, 0.31326168751822275, 0.31326168751822275, 0.31326168751822275, 0.31326168751822275], "val_accuracy": [0.5347692307692308, 0.5384615384615384, 0.5483076923076923, 0.5692307692307692, 0.5809230769230769, 0.5987692307692307, 0.6129230769230769, 0.6307692307692307, 0.6510769230769231, 0.6701538461538461, 0.6947692307692308, 0.7255384615384616, 0.7507692307692307, 0.7729230769230769, 0.7987692307692308, 0.820923076923077, 0.8430769230769231, 0.8707692307692307, 0.8873846153846154, 0.904, 0.9230769230769231, 0.9335384615384615, 0.9452307692307692, 0.952, 0.9563076923076923, 0.9606153846153846, 0.9667692307692307, 0.9704615384615385, 0.9741538461538461, 0.9766153846153847, 0.9803076923076923, 0.9821538461538462, 0.9846153846153847, 0.9852307692307692, 0.9870769230769231, 0.9901538461538462, 0.9913846153846154, 0.9913846153846154, 0.992, 0.992, 0.9932307692307693, 0.9944615384615385, 0.9956923076923077, 0.9963076923076923, 0.9963076923076923, 0.9963076923076923, 0.9969230769230769, 0.9975384615384615, 0.9975384615384615, 0.9981538461538462, 0.9987692307692307, 1.0, 1.0, 1.0, 1.0, 1.0, 1.0, 1.0, 1.0, 1.0, 1.0, 1.0, 1.0, 1.0, 1.0, 1.0, 1.0, 1.0, 1.0, 1.0, 1.0, 1.0, 1.0, 1.0, 1.0, 1.0, 1.0, 1.0, 1.0, 1.0, 1.0, 1.0, 1.0, 1.0, 1.0, 1.0, 1.0, 1.0, 1.0, 1.0, 1.0, 1.0, 1.0, 1.0, 1.0, 1.0, 1.0, 1.0, 1.0, 1.0, 1.0, 1.0, 1.0, 1.0, 1.0, 1.0, 1.0, 1.0, 1.0, 1.0, 1.0, 1.0, 1.0, 1.0, 1.0, 1.0, 1.0, 1.0, 1.0, 1.0, 1.0, 1.0, 1.0, 1.0, 1.0, 1.0, 1.0, 1.0, 1.0, 1.0, 1.0, 1.0, 1.0, 1.0, 1.0, 1.0, 1.0, 1.0, 1.0, 1.0, 1.0, 1.0, 1.0, 1.0, 1.0, 1.0, 1.0, 1.0, 1.0, 1.0, 1.0, 1.0, 1.0, 1.0, 1.0, 1.0, 1.0, 1.0, 1.0, 1.0, 1.0, 1.0, 1.0, 1.0, 1.0, 1.0, 1.0, 1.0, 1.0, 1.0, 1.0, 1.0, 1.0, 1.0, 1.0, 1.0, 1.0, 1.0, 1.0, 1.0, 1.0, 1.0, 1.0, 1.0, 1.0, 1.0, 1.0, 1.0, 1.0, 1.0, 1.0, 1.0, 1.0, 1.0, 1.0, 1.0, 1.0, 1.0, 1.0, 1.0],